rainfall_mm,soil_quality_index,farm_size_hectares,sunlight_hours,fertilizer_kg,crop_yield
1626.0,9.0,636.0,11.0,1006,404.0
1959.0,9.0,73.0,11.0,112,115.0
1360.0,1.0,352.0,5.0,702,231.0
1794.0,2.0,948.0,7.0,299,537.0
1630.0,5.0,884.0,5.0,2733,554.0
1595.0,4.0,928.0,7.0,1891,556.0
1544.0,10.0,361.0,10.0,547,257.0
621.0,9.0,167.0,12.0,1911,158.0
966.0,7.0,598.0,11.0,940,360.0
1738.0,6.0,500.0,12.0,689,327.0
830.0,7.0,667.0,11.0,1253,397.0
1982.0,1.0,864.0,5.0,2190,536.0
587.0,1.0,472.0,10.0,619,267.0
1896.0,8.0,234.0,5.0,1136,211.0
1623.0,2.0,926.0,5.0,824,531.0
1371.0,10.0,322.0,7.0,2770,276.0
630.0,9.0,624.0,4.0,1087,369.0
1832.0,7.0,928.0,8.0,902,550.0
1269.0,6.0,868.0,9.0,2682,537.0
843.0,1.0,822.0,12.0,2449,486.0
1937.0,1.0,949.0,11.0,626,546.0
1305.0,2.0,475.0,5.0,1765,314.0
885.0,6.0,97.0,4.0,1238,110.0
1715.0,6.0,892.0,5.0,559,519.0
1455.0,2.0,312.0,10.0,2979,262.0
776.0,1.0,689.0,7.0,2652,422.0
1684.0,10.0,444.0,8.0,1031,312.0
959.0,5.0,691.0,10.0,2086,425.0
1837.0,5.0,144.0,6.0,424,144.0
521.0,2.0,59.0,5.0,678,61.0
752.0,6.0,441.0,10.0,2908,312.0
1247.0,9.0,349.0,8.0,2998,289.0
1356.0,2.0,356.0,4.0,1637,254.0
974.0,10.0,655.0,4.0,2649,428.0
1582.0,2.0,356.0,12.0,2100,271.0
1010.0,3.0,658.0,8.0,2481,414.0
1999.0,7.0,254.0,4.0,2431,248.0
1199.0,6.0,118.0,10.0,574,117.0
1475.0,8.0,834.0,12.0,1177,500.0
689.0,8.0,808.0,4.0,1581,471.0
1457.0,6.0,542.0,7.0,1702,359.0
1186.0,10.0,99.0,6.0,1543,135.0
1457.0,3.0,305.0,8.0,731,216.0
1062.0,3.0,121.0,10.0,802,113.0
1767.0,1.0,822.0,11.0,2556,516.0
1331.0,7.0,598.0,5.0,1081,373.0
1654.0,5.0,186.0,10.0,1427,180.0
1146.0,4.0,352.0,4.0,2058,258.0
520.0,10.0,669.0,10.0,658,382.0
1340.0,4.0,110.0,11.0,321,109.0
666.0,4.0,767.0,5.0,1656,443.0
1797.0,6.0,638.0,12.0,2305,430.0
887.0,8.0,613.0,4.0,447,356.0
1100.0,8.0,410.0,9.0,1282,279.0
815.0,5.0,37.0,4.0,988,71.0
513.0,6.0,946.0,6.0,1021,519.0
741.0,4.0,971.0,9.0,1358,542.0
1276.0,9.0,546.0,6.0,2809,384.0
1869.0,8.0,67.0,11.0,504,115.0
1064.0,10.0,507.0,8.0,1380,332.0
1397.0,10.0,306.0,5.0,776,229.0
1863.0,1.0,143.0,7.0,688,142.0
591.0,2.0,340.0,12.0,1720,225.0
1890.0,9.0,258.0,7.0,2705,256.0
1455.0,8.0,559.0,11.0,2626,391.0
1978.0,3.0,911.0,8.0,2634,572.0
1951.0,8.0,950.0,4.0,1694,582.0
1008.0,1.0,84.0,10.0,665,87.0
1275.0,10.0,663.0,6.0,2671,442.0
534.0,4.0,843.0,11.0,803,461.0
705.0,3.0,177.0,6.0,2968,174.0
1604.0,6.0,780.0,4.0,957,468.0
1911.0,7.0,512.0,8.0,1384,354.0
1525.0,4.0,894.0,5.0,684,513.0
1521.0,7.0,364.0,7.0,2833,297.0
1913.0,9.0,234.0,4.0,331,197.0
1065.0,2.0,673.0,12.0,2417,420.0
1629.0,3.0,540.0,9.0,1345,351.0
2000.0,5.0,155.0,11.0,151,150.0
1202.0,3.0,969.0,7.0,2263,571.0
901.0,8.0,250.0,12.0,637,180.0
1229.0,10.0,893.0,5.0,640,515.0
661.0,8.0,902.0,12.0,1142,509.0
701.0,8.0,353.0,8.0,914,231.0
1495.0,9.0,758.0,9.0,1515,471.0
769.0,4.0,44.0,6.0,2938,110.0
1315.0,5.0,711.0,7.0,1752,439.0
1794.0,5.0,10.0,9.0,2765,123.0
955.0,8.0,162.0,10.0,518,135.0
1985.0,7.0,438.0,4.0,2456,340.0
1775.0,9.0,954.0,10.0,963,567.0
1516.0,8.0,517.0,4.0,285,324.0
795.0,2.0,135.0,8.0,360,101.0
1219.0,10.0,500.0,9.0,1651,338.0
837.0,4.0,491.0,5.0,1396,305.0
1378.0,6.0,354.0,12.0,2307,276.0
1576.0,2.0,921.0,9.0,861,528.0
1291.0,7.0,747.0,10.0,323,432.0
716.0,3.0,230.0,11.0,1379,169.0
1263.0,3.0,924.0,4.0,279,510.0
687.0,2.0,928.0,11.0,2167,531.0
879.0,8.0,732.0,7.0,1747,442.0
992.0,6.0,34.0,11.0,731,72.0
1564.0,1.0,537.0,9.0,1636,349.0
1680.0,1.0,191.0,12.0,2205,191.0
514.0,7.0,508.0,7.0,2870,340.0
564.0,8.0,850.0,5.0,2063,498.0
1020.0,5.0,650.0,5.0,714,378.0
1867.0,5.0,51.0,8.0,661,104.0
1652.0,4.0,924.0,12.0,2521,569.0
1147.0,6.0,490.0,6.0,721,304.0
1995.0,6.0,939.0,11.0,2235,585.0
1586.0,3.0,857.0,7.0,1113,503.0
1662.0,9.0,757.0,9.0,2161,488.0
1092.0,7.0,881.0,9.0,2280,532.0
891.0,1.0,448.0,6.0,2060,293.0
918.0,7.0,411.0,8.0,1157,269.0
788.0,5.0,555.0,6.0,691,324.0
878.0,5.0,354.0,4.0,682,225.0
730.0,2.0,902.0,10.0,1713,510.0
1517.0,4.0,54.0,7.0,1201,103.0
540.0,6.0,655.0,10.0,388,362.0
1551.0,10.0,30.0,6.0,1668,113.0
634.0,7.0,643.0,8.0,1543,384.0
700.0,5.0,79.0,8.0,106,71.0
1279.0,9.0,873.0,5.0,1283,517.0
1429.0,3.0,882.0,5.0,339,495.0
1556.0,1.0,57.0,7.0,2086,118.0
1571.0,4.0,500.0,7.0,1546,335.0
1002.0,9.0,560.0,7.0,2683,380.0
906.0,4.0,296.0,9.0,1849,219.0
1304.0,2.0,19.0,5.0,2217,95.0
598.0,10.0,551.0,9.0,2003,352.0
1183.0,5.0,765.0,10.0,2363,474.0
1225.0,3.0,283.0,6.0,1177,206.0
1460.0,9.0,965.0,11.0,2953,602.0
1112.0,4.0,609.0,5.0,2477,394.0
1985.0,6.0,765.0,11.0,947,472.0
1142.0,2.0,390.0,8.0,1411,260.0
1528.0,6.0,338.0,5.0,2192,269.0
1741.0,3.0,488.0,10.0,2976,361.0
1002.0,9.0,24.0,5.0,2345,105.0
1266.0,2.0,525.0,9.0,1339,330.0
897.0,9.0,200.0,6.0,1604,176.0
1370.0,5.0,177.0,12.0,1432,167.0
1294.0,8.0,530.0,6.0,2479,368.0
892.0,2.0,630.0,6.0,795,360.0
706.0,6.0,146.0,8.0,126,108.0
1538.0,3.0,163.0,10.0,2465,182.0
1391.0,10.0,397.0,11.0,2512,310.0
1984.0,5.0,218.0,10.0,1059,199.0
1363.0,8.0,281.0,12.0,1626,229.0
1242.0,10.0,152.0,8.0,1968,171.0
1764.0,1.0,620.0,6.0,472,373.0
1063.0,5.0,898.0,9.0,2049,531.0
1520.0,3.0,829.0,8.0,344,472.0
595.0,4.0,78.0,7.0,1940,102.0
984.0,2.0,256.0,5.0,1776,196.0
1930.0,9.0,270.0,10.0,2625,262.0
730.0,3.0,797.0,8.0,224,430.0
1248.0,2.0,88.0,7.0,636,97.0
1694.0,10.0,667.0,11.0,2853,460.0
1040.0,9.0,632.0,12.0,2019,405.0
1559.0,7.0,779.0,12.0,1735,484.0
1024.0,6.0,614.0,6.0,1525,379.0
1683.0,1.0,534.0,6.0,1640,351.0
1766.0,5.0,781.0,8.0,630,465.0
1609.0,3.0,947.0,8.0,2933,585.0
1077.0,1.0,630.0,5.0,353,355.0
1181.0,4.0,339.0,4.0,2268,257.0
1056.0,2.0,198.0,11.0,760,149.0
1512.0,2.0,104.0,6.0,1901,138.0
1145.0,3.0,626.0,4.0,1160,375.0
1295.0,8.0,17.0,4.0,1465,91.0
1551.0,8.0,76.0,5.0,1136,122.0
1863.0,7.0,505.0,9.0,1306,347.0
1854.0,6.0,200.0,9.0,2235,211.0
1871.0,9.0,375.0,6.0,2193,304.0
1996.0,4.0,777.0,7.0,1242,480.0
1754.0,1.0,530.0,5.0,1654,351.0
689.0,8.0,999.0,5.0,1855,572.0
1748.0,7.0,126.0,10.0,2065,170.0
1908.0,7.0,276.0,4.0,844,225.0
1900.0,3.0,620.0,10.0,1729,407.0
1806.0,4.0,494.0,4.0,1066,329.0
1132.0,10.0,518.0,9.0,862,329.0
1127.0,9.0,307.0,6.0,2909,262.0
1472.0,6.0,918.0,11.0,893,532.0
1782.0,5.0,173.0,9.0,843,166.0
1882.0,3.0,385.0,5.0,1169,277.0
1209.0,9.0,662.0,11.0,1631,417.0
1979.0,5.0,277.0,8.0,657,220.0
1934.0,5.0,558.0,11.0,2094,388.0
1148.0,4.0,83.0,11.0,625,96.0
817.0,4.0,517.0,9.0,2744,345.0
1748.0,1.0,82.0,5.0,939,113.0
1757.0,7.0,317.0,11.0,102,226.0
1183.0,9.0,208.0,9.0,1151,179.0
1163.0,3.0,139.0,9.0,1504,139.0
1897.0,2.0,767.0,11.0,256,449.0
1995.0,3.0,833.0,4.0,2037,521.0
1756.0,1.0,581.0,5.0,2054,385.0
1636.0,6.0,800.0,12.0,610,472.0
941.0,7.0,624.0,11.0,786,369.0
1063.0,2.0,817.0,10.0,1237,468.0
1791.0,8.0,841.0,10.0,1512,519.0
1909.0,6.0,496.0,8.0,1610,348.0
1910.0,4.0,862.0,5.0,670,508.0
1636.0,5.0,160.0,9.0,814,154.0
1451.0,8.0,678.0,6.0,1438,426.0
1604.0,3.0,215.0,7.0,2386,208.0
1198.0,3.0,995.0,5.0,2450,587.0
612.0,4.0,188.0,5.0,2754,174.0
501.0,1.0,206.0,11.0,1090,141.0
1141.0,9.0,744.0,11.0,433,432.0
719.0,8.0,98.0,9.0,2260,131.0
1354.0,8.0,808.0,8.0,1744,494.0
1748.0,10.0,443.0,11.0,461,302.0
884.0,6.0,797.0,7.0,1980,475.0
1926.0,7.0,757.0,7.0,2948,508.0
1653.0,6.0,192.0,8.0,2244,201.0
1576.0,9.0,218.0,4.0,2081,214.0
1229.0,3.0,502.0,4.0,2163,336.0
1939.0,3.0,139.0,5.0,2703,186.0
746.0,3.0,674.0,11.0,2077,406.0
1335.0,10.0,22.0,10.0,475,80.0
1962.0,3.0,643.0,12.0,841,402.0
702.0,9.0,880.0,8.0,489,488.0
1707.0,4.0,741.0,5.0,2767,484.0
622.0,7.0,115.0,10.0,1340,116.0
900.0,9.0,384.0,11.0,923,255.0
1266.0,7.0,591.0,10.0,2467,396.0
793.0,9.0,716.0,10.0,2343,446.0
779.0,3.0,707.0,8.0,517,392.0
1383.0,4.0,108.0,5.0,706,116.0
697.0,8.0,603.0,9.0,667,351.0
1481.0,6.0,596.0,7.0,643,366.0
1251.0,5.0,895.0,5.0,2378,541.0
643.0,4.0,861.0,12.0,983,477.0
1108.0,8.0,201.0,10.0,2668,202.0
1724.0,1.0,334.0,9.0,802,236.0
1647.0,9.0,988.0,8.0,1323,587.0
686.0,1.0,735.0,6.0,2993,449.0
1849.0,8.0,836.0,7.0,2820,545.0
963.0,4.0,965.0,6.0,1722,552.0
1872.0,9.0,476.0,11.0,2168,355.0
1159.0,5.0,903.0,6.0,2735,550.0
1263.0,3.0,376.0,10.0,1886,269.0
1454.0,9.0,327.0,10.0,1719,258.0
902.0,9.0,153.0,10.0,1557,152.0
1869.0,4.0,393.0,10.0,2518,310.0
646.0,4.0,225.0,5.0,1683,172.0
1671.0,8.0,370.0,6.0,2014,290.0
1363.0,2.0,333.0,12.0,177,214.0
988.0,9.0,24.0,6.0,1408,86.0
1428.0,6.0,226.0,5.0,747,181.0
1050.0,9.0,501.0,12.0,2287,345.0
837.0,8.0,960.0,12.0,652,533.0
1371.0,7.0,556.0,7.0,1097,354.0
1140.0,1.0,192.0,12.0,381,139.0
972.0,3.0,279.0,6.0,1381,201.0
650.0,2.0,954.0,10.0,1946,538.0
1938.0,5.0,476.0,10.0,1483,335.0
1821.0,5.0,879.0,11.0,2587,555.0
762.0,5.0,621.0,7.0,2417,390.0
643.0,4.0,528.0,6.0,1257,315.0
845.0,5.0,551.0,6.0,2893,367.0
1123.0,3.0,476.0,8.0,203,281.0
1516.0,1.0,314.0,4.0,865,220.0
1380.0,5.0,994.0,6.0,2242,592.0
501.0,9.0,153.0,9.0,2876,166.0
1396.0,9.0,120.0,6.0,1696,152.0
1827.0,4.0,241.0,8.0,579,194.0
753.0,3.0,700.0,12.0,2927,436.0
952.0,1.0,593.0,5.0,2160,369.0
1560.0,2.0,731.0,5.0,2063,456.0
1683.0,8.0,741.0,9.0,2748,491.0
1514.0,1.0,601.0,9.0,2242,392.0
508.0,8.0,509.0,11.0,2440,334.0
1756.0,7.0,604.0,5.0,2172,411.0
1622.0,8.0,563.0,12.0,1395,373.0
1315.0,6.0,282.0,5.0,1628,224.0
707.0,9.0,712.0,4.0,1289,419.0
1654.0,3.0,182.0,5.0,1038,166.0
903.0,10.0,982.0,10.0,861,554.0
651.0,4.0,16.0,11.0,753,50.0
553.0,6.0,164.0,8.0,1769,145.0
1643.0,8.0,531.0,9.0,2785,385.0
1127.0,5.0,555.0,4.0,2638,372.0
1086.0,3.0,557.0,9.0,2031,357.0
1943.0,6.0,930.0,11.0,1226,559.0
1945.0,4.0,527.0,6.0,2025,369.0
603.0,9.0,929.0,4.0,674,512.0
753.0,3.0,923.0,7.0,2441,538.0
1750.0,4.0,224.0,4.0,1429,199.0
1635.0,7.0,143.0,11.0,1377,161.0
1009.0,7.0,294.0,8.0,1303,216.0
1996.0,4.0,135.0,4.0,139,137.0
598.0,6.0,930.0,11.0,2923,552.0
652.0,3.0,448.0,12.0,619,261.0
1413.0,6.0,858.0,5.0,1739,517.0
1377.0,2.0,695.0,12.0,2693,446.0
837.0,8.0,161.0,11.0,2383,168.0
1321.0,2.0,340.0,10.0,562,224.0
1686.0,7.0,547.0,6.0,1351,364.0
1456.0,9.0,392.0,5.0,1948,295.0
660.0,1.0,124.0,10.0,582,94.0
1300.0,8.0,903.0,8.0,2577,557.0
897.0,7.0,491.0,9.0,442,294.0
1800.0,6.0,293.0,7.0,1296,237.0
1315.0,6.0,908.0,5.0,1562,535.0
1915.0,6.0,84.0,12.0,1302,137.0
1658.0,9.0,175.0,6.0,1721,188.0
1718.0,2.0,198.0,10.0,2280,199.0
900.0,1.0,87.0,11.0,2498,122.0
1139.0,6.0,956.0,5.0,2653,576.0
1556.0,10.0,611.0,9.0,2231,416.0
1187.0,8.0,697.0,11.0,1092,421.0
959.0,3.0,30.0,10.0,2977,108.0
1454.0,10.0,575.0,6.0,2490,400.0
969.0,1.0,193.0,4.0,1289,152.0
1898.0,9.0,880.0,9.0,2440,563.0
1545.0,1.0,231.0,11.0,1703,197.0
1249.0,3.0,836.0,9.0,1293,486.0
537.0,8.0,337.0,8.0,697,213.0
729.0,3.0,188.0,11.0,744,136.0
1888.0,4.0,797.0,5.0,547,473.0
1062.0,8.0,121.0,4.0,2837,164.0
937.0,1.0,745.0,4.0,2649,454.0
1806.0,6.0,735.0,7.0,863,450.0
526.0,1.0,68.0,9.0,834,67.0
725.0,1.0,336.0,12.0,1742,226.0
1800.0,8.0,914.0,4.0,2397,573.0
1297.0,4.0,630.0,4.0,700,374.0
783.0,1.0,906.0,8.0,2272,523.0
1378.0,10.0,678.0,8.0,2260,444.0
1459.0,7.0,200.0,8.0,1080,178.0
952.0,5.0,209.0,9.0,1882,180.0
1519.0,5.0,321.0,11.0,2297,261.0
1315.0,1.0,717.0,6.0,2490,448.0
1158.0,10.0,44.0,12.0,679,90.0
1046.0,6.0,388.0,4.0,882,253.0
1715.0,9.0,396.0,7.0,2468,316.0
1572.0,9.0,767.0,12.0,2969,507.0
516.0,8.0,246.0,11.0,631,166.0
1695.0,5.0,625.0,12.0,1612,405.0
1743.0,1.0,528.0,4.0,2639,369.0
657.0,9.0,292.0,12.0,711,197.0
976.0,1.0,10.0,6.0,2399,83.0
1569.0,8.0,740.0,12.0,2105,474.0
1896.0,5.0,473.0,4.0,1200,326.0
1017.0,3.0,239.0,4.0,1770,190.0
598.0,7.0,976.0,12.0,1515,549.0
1560.0,7.0,181.0,9.0,1535,181.0
779.0,9.0,96.0,7.0,2320,134.0
1872.0,7.0,562.0,10.0,974,370.0
996.0,3.0,132.0,8.0,2348,148.0
801.0,1.0,852.0,10.0,316,457.0
680.0,8.0,307.0,11.0,475,198.0
1106.0,3.0,894.0,11.0,1709,519.0
1622.0,8.0,938.0,4.0,110,534.0
1199.0,8.0,699.0,11.0,1713,435.0
1492.0,5.0,584.0,9.0,2582,397.0
1639.0,1.0,493.0,7.0,917,315.0
690.0,10.0,174.0,11.0,1396,155.0
752.0,7.0,708.0,6.0,790,405.0
1480.0,10.0,392.0,7.0,1699,293.0
1427.0,5.0,218.0,9.0,1632,193.0
1684.0,8.0,748.0,10.0,1255,465.0
1779.0,9.0,441.0,7.0,2047,332.0
1846.0,7.0,398.0,7.0,883,285.0
627.0,7.0,569.0,10.0,2466,366.0
517.0,1.0,233.0,9.0,2991,193.0
1065.0,4.0,12.0,11.0,2072,86.0
1069.0,2.0,381.0,4.0,1976,264.0
1846.0,2.0,696.0,10.0,2768,462.0
1185.0,2.0,455.0,10.0,884,284.0
1125.0,4.0,620.0,10.0,496,361.0
1811.0,1.0,125.0,10.0,1181,141.0
1353.0,4.0,279.0,11.0,1603,219.0
1461.0,2.0,456.0,12.0,2133,318.0
654.0,5.0,377.0,12.0,1714,252.0
989.0,3.0,262.0,5.0,559,176.0
1909.0,8.0,326.0,10.0,2208,279.0
1284.0,4.0,424.0,10.0,2516,308.0
1627.0,1.0,104.0,7.0,2866,159.0
1916.0,1.0,794.0,12.0,645,469.0
745.0,10.0,901.0,11.0,2643,545.0
1699.0,3.0,33.0,4.0,596,84.0
1562.0,9.0,637.0,5.0,604,394.0
2000.0,7.0,672.0,5.0,1192,432.0
1258.0,2.0,859.0,11.0,2308,516.0
1037.0,9.0,59.0,4.0,1737,112.0
1420.0,10.0,511.0,7.0,817,333.0
907.0,2.0,727.0,8.0,1692,427.0
1024.0,3.0,507.0,12.0,1508,320.0
1327.0,10.0,344.0,10.0,368,238.0
1402.0,2.0,88.0,11.0,2046,130.0
535.0,3.0,591.0,12.0,1577,348.0
1184.0,6.0,36.0,10.0,2846,121.0
519.0,9.0,280.0,8.0,1641,205.0
820.0,9.0,571.0,8.0,964,346.0
1011.0,7.0,813.0,9.0,2497,500.0
899.0,3.0,256.0,8.0,209,164.0
1153.0,4.0,785.0,12.0,2554,485.0
1471.0,6.0,600.0,6.0,749,370.0
970.0,5.0,396.0,6.0,2198,280.0
1666.0,2.0,711.0,10.0,1599,440.0
1615.0,6.0,568.0,10.0,1210,368.0
1877.0,3.0,982.0,9.0,695,566.0
1333.0,8.0,370.0,6.0,1078,261.0
1226.0,2.0,875.0,10.0,830,494.0
1353.0,1.0,993.0,8.0,156,541.0
550.0,9.0,497.0,10.0,2885,340.0
1074.0,3.0,361.0,5.0,2343,264.0
1713.0,1.0,710.0,9.0,1883,445.0
1648.0,7.0,937.0,11.0,1801,567.0
649.0,10.0,265.0,4.0,1386,198.0
813.0,5.0,231.0,7.0,211,153.0
1069.0,5.0,893.0,4.0,2912,545.0
1865.0,1.0,762.0,4.0,810,454.0
804.0,9.0,790.0,11.0,1301,462.0
1181.0,7.0,10.0,10.0,1047,74.0
1337.0,8.0,555.0,4.0,125,335.0
1577.0,9.0,455.0,5.0,2557,342.0
1502.0,6.0,88.0,7.0,857,117.0
943.0,5.0,245.0,4.0,2678,213.0
1112.0,6.0,343.0,6.0,1900,253.0
1492.0,2.0,898.0,11.0,1655,530.0
763.0,4.0,358.0,11.0,2896,267.0
1576.0,3.0,107.0,11.0,1941,145.0
1503.0,7.0,91.0,9.0,2393,151.0
504.0,9.0,511.0,9.0,1204,312.0
1626.0,5.0,976.0,8.0,761,561.0
1719.0,6.0,486.0,12.0,1008,326.0
1273.0,10.0,936.0,7.0,2543,576.0
1376.0,2.0,713.0,10.0,621,413.0
1491.0,3.0,774.0,4.0,1956,475.0
1383.0,3.0,930.0,12.0,1859,549.0
1873.0,9.0,559.0,10.0,2411,401.0
546.0,7.0,23.0,12.0,889,59.0
1366.0,8.0,401.0,10.0,1397,284.0
1322.0,10.0,356.0,5.0,1829,273.0
1435.0,9.0,319.0,9.0,271,225.0
1155.0,6.0,395.0,7.0,364,250.0
768.0,4.0,218.0,6.0,2086,180.0
869.0,1.0,366.0,5.0,1149,233.0
1135.0,8.0,983.0,9.0,1592,572.0
1629.0,7.0,610.0,11.0,1985,407.0
1156.0,2.0,577.0,9.0,575,338.0
619.0,8.0,103.0,12.0,2503,135.0
1330.0,5.0,102.0,8.0,1149,123.0
1581.0,7.0,349.0,5.0,133,237.0
1869.0,4.0,606.0,11.0,2411,414.0
1240.0,5.0,454.0,12.0,1261,299.0
1997.0,8.0,766.0,7.0,915,476.0
616.0,1.0,31.0,9.0,853,52.0
1290.0,1.0,300.0,11.0,665,203.0
1650.0,4.0,494.0,12.0,561,315.0
1916.0,3.0,793.0,8.0,1754,494.0
1512.0,10.0,315.0,9.0,2802,278.0
1581.0,2.0,643.0,7.0,180,375.0
1133.0,3.0,137.0,8.0,2904,165.0
1012.0,1.0,634.0,10.0,2037,389.0
1301.0,1.0,948.0,12.0,969,534.0
1619.0,6.0,282.0,9.0,1530,231.0
1641.0,5.0,857.0,9.0,1169,510.0
1059.0,8.0,451.0,11.0,698,286.0
987.0,2.0,512.0,7.0,1734,323.0
1760.0,4.0,139.0,6.0,906,147.0
1396.0,8.0,141.0,10.0,2034,168.0
1795.0,6.0,606.0,8.0,1176,391.0
1712.0,1.0,944.0,5.0,803,540.0
1203.0,4.0,491.0,5.0,2623,341.0
1970.0,1.0,871.0,9.0,2739,550.0
1080.0,2.0,399.0,11.0,2163,278.0
1289.0,5.0,602.0,4.0,586,360.0
1360.0,8.0,994.0,9.0,805,569.0
746.0,8.0,334.0,5.0,1625,236.0
1599.0,3.0,78.0,5.0,1264,117.0
653.0,4.0,669.0,10.0,719,375.0
1958.0,10.0,457.0,4.0,876,323.0
1496.0,6.0,537.0,9.0,546,335.0
1609.0,10.0,828.0,10.0,2437,530.0
1196.0,3.0,626.0,11.0,308,360.0
1808.0,2.0,174.0,10.0,1598,176.0
1743.0,6.0,497.0,9.0,2560,363.0
1592.0,5.0,722.0,12.0,2824,474.0
1570.0,10.0,718.0,6.0,1550,456.0
1508.0,5.0,435.0,9.0,1977,311.0
593.0,10.0,706.0,7.0,2811,446.0
1457.0,5.0,843.0,5.0,2437,522.0
1511.0,10.0,274.0,4.0,1391,229.0
952.0,5.0,884.0,4.0,2298,525.0
1727.0,3.0,621.0,6.0,1842,404.0
1411.0,7.0,351.0,7.0,1378,258.0
717.0,6.0,841.0,5.0,1500,483.0
973.0,4.0,735.0,4.0,1776,439.0
931.0,2.0,287.0,7.0,954,193.0
840.0,9.0,683.0,10.0,1481,413.0
1050.0,1.0,448.0,9.0,2755,312.0
1812.0,4.0,166.0,9.0,2517,195.0
1777.0,1.0,431.0,12.0,804,286.0
856.0,6.0,260.0,5.0,925,185.0
522.0,4.0,887.0,7.0,1104,488.0
1021.0,5.0,618.0,8.0,476,358.0
1623.0,5.0,539.0,4.0,1072,348.0
1301.0,9.0,336.0,11.0,217,228.0
1703.0,1.0,970.0,11.0,543,548.0
1746.0,2.0,904.0,9.0,854,524.0
1261.0,6.0,106.0,8.0,739,116.0
941.0,5.0,522.0,11.0,2271,344.0
1268.0,7.0,225.0,6.0,2805,219.0
1515.0,3.0,141.0,6.0,1400,149.0
1848.0,3.0,269.0,5.0,2969,254.0
1015.0,10.0,134.0,8.0,2811,172.0
1539.0,2.0,91.0,6.0,2507,144.0
1291.0,3.0,292.0,6.0,722,204.0
835.0,10.0,692.0,9.0,1592,422.0
757.0,1.0,68.0,11.0,2108,100.0
996.0,5.0,553.0,5.0,1751,350.0
1395.0,5.0,170.0,7.0,1823,172.0
659.0,7.0,293.0,10.0,2019,220.0
1998.0,4.0,115.0,4.0,1018,144.0
1351.0,3.0,114.0,4.0,1273,127.0
1189.0,1.0,448.0,10.0,2599,313.0
879.0,8.0,237.0,10.0,1285,186.0
1456.0,3.0,709.0,4.0,219,407.0
1190.0,2.0,591.0,4.0,681,347.0
1950.0,4.0,327.0,7.0,2047,270.0
1791.0,3.0,473.0,8.0,2246,340.0
1940.0,1.0,811.0,8.0,1290,490.0
1691.0,3.0,608.0,7.0,1786,395.0
1566.0,2.0,891.0,11.0,2099,538.0
784.0,8.0,883.0,10.0,2661,533.0
896.0,6.0,481.0,12.0,2811,335.0
511.0,9.0,65.0,10.0,500,75.0
1825.0,8.0,634.0,4.0,2512,436.0
1776.0,10.0,22.0,10.0,1449,112.0
998.0,3.0,449.0,4.0,2728,313.0
1253.0,5.0,27.0,10.0,1756,95.0
534.0,7.0,703.0,11.0,720,395.0
1226.0,5.0,982.0,12.0,2975,596.0
1348.0,8.0,122.0,6.0,346,123.0
589.0,5.0,238.0,7.0,2581,197.0
1275.0,1.0,180.0,7.0,1216,153.0
1104.0,5.0,304.0,12.0,2762,250.0
1469.0,4.0,198.0,10.0,723,165.0
1521.0,6.0,435.0,6.0,2468,323.0
917.0,3.0,986.0,8.0,1939,564.0
614.0,5.0,88.0,10.0,2209,116.0
1116.0,2.0,667.0,11.0,399,378.0
1719.0,6.0,928.0,4.0,502,536.0
1325.0,6.0,191.0,5.0,1771,181.0
1598.0,5.0,508.0,10.0,352,318.0
912.0,6.0,807.0,5.0,1857,478.0
1899.0,7.0,771.0,10.0,2625,508.0
1943.0,5.0,875.0,12.0,1492,535.0
1228.0,1.0,835.0,5.0,2064,496.0
1800.0,8.0,717.0,10.0,259,433.0
1520.0,4.0,844.0,7.0,304,480.0
1260.0,9.0,80.0,5.0,1261,120.0
1175.0,10.0,257.0,10.0,1491,213.0
1917.0,6.0,155.0,8.0,957,165.0
956.0,1.0,627.0,4.0,859,360.0
1419.0,3.0,784.0,8.0,1690,473.0
691.0,3.0,305.0,6.0,2868,235.0
1238.0,10.0,591.0,10.0,2215,396.0
1622.0,4.0,479.0,9.0,232,300.0
1477.0,6.0,515.0,11.0,1823,349.0
1508.0,7.0,202.0,8.0,529,170.0
595.0,10.0,77.0,5.0,2455,124.0
1162.0,4.0,503.0,12.0,2797,350.0
1713.0,6.0,826.0,11.0,1297,501.0
536.0,1.0,61.0,9.0,2559,99.0
1892.0,8.0,891.0,10.0,196,521.0
778.0,7.0,372.0,12.0,1806,259.0
716.0,9.0,806.0,10.0,1277,467.0
1366.0,3.0,926.0,6.0,1818,545.0
1372.0,2.0,483.0,9.0,1365,313.0
1796.0,1.0,855.0,10.0,1427,511.0
561.0,3.0,530.0,5.0,1408,314.0
1095.0,5.0,772.0,6.0,1150,450.0
1228.0,2.0,440.0,7.0,1483,289.0
1865.0,3.0,853.0,9.0,2349,534.0
896.0,4.0,307.0,4.0,2909,245.0
1198.0,7.0,444.0,12.0,680,285.0
1542.0,3.0,705.0,8.0,2517,454.0
676.0,9.0,700.0,10.0,632,400.0
895.0,8.0,207.0,12.0,1275,171.0
944.0,4.0,137.0,12.0,1225,129.0
1756.0,1.0,541.0,4.0,998,344.0
575.0,1.0,993.0,4.0,2754,569.0
764.0,1.0,420.0,6.0,1569,265.0
954.0,1.0,943.0,9.0,1352,528.0
1217.0,8.0,849.0,5.0,869,493.0
1234.0,3.0,74.0,4.0,933,97.0
1907.0,6.0,703.0,4.0,2004,459.0
1350.0,3.0,250.0,8.0,2383,218.0
1890.0,5.0,378.0,7.0,2309,301.0
643.0,7.0,545.0,4.0,653,317.0
1384.0,2.0,393.0,7.0,2935,299.0
1592.0,6.0,440.0,6.0,1191,302.0
1622.0,6.0,976.0,5.0,1296,573.0
895.0,3.0,92.0,12.0,1760,113.0
1548.0,6.0,991.0,4.0,658,566.0
1447.0,10.0,840.0,10.0,360,490.0
1390.0,10.0,706.0,7.0,2364,461.0
1992.0,5.0,960.0,8.0,1940,587.0
1674.0,2.0,837.0,8.0,1247,496.0
1667.0,9.0,620.0,4.0,904,394.0
1068.0,8.0,583.0,9.0,1285,364.0
1562.0,3.0,295.0,12.0,2348,247.0
608.0,8.0,998.0,5.0,2549,583.0
1565.0,9.0,543.0,10.0,374,343.0
1709.0,3.0,468.0,9.0,305,296.0
1434.0,3.0,221.0,8.0,1823,195.0
897.0,2.0,135.0,7.0,966,116.0
1746.0,8.0,422.0,7.0,192,282.0
1133.0,10.0,508.0,9.0,1165,330.0
1656.0,1.0,434.0,7.0,2526,318.0
1686.0,8.0,563.0,8.0,1451,376.0
1738.0,7.0,619.0,9.0,2212,419.0
1232.0,7.0,970.0,8.0,464,544.0
734.0,3.0,552.0,10.0,920,321.0
1157.0,1.0,167.0,12.0,1607,152.0
1250.0,4.0,121.0,10.0,2129,148.0
1087.0,9.0,411.0,10.0,2024,296.0
1532.0,5.0,768.0,7.0,2687,492.0
1597.0,1.0,131.0,4.0,1185,138.0
1453.0,5.0,282.0,11.0,2638,246.0
991.0,8.0,303.0,7.0,1396,224.0
1412.0,8.0,407.0,4.0,2376,308.0
1776.0,5.0,480.0,8.0,1143,325.0
1753.0,9.0,994.0,11.0,102,569.0
1697.0,1.0,216.0,7.0,1853,197.0
1691.0,4.0,119.0,11.0,1010,138.0
669.0,3.0,449.0,11.0,406,258.0
1916.0,2.0,287.0,6.0,2579,255.0
1445.0,8.0,972.0,12.0,235,549.0
1294.0,7.0,577.0,6.0,2032,381.0
1133.0,9.0,896.0,4.0,2662,552.0
1717.0,2.0,924.0,5.0,2340,563.0
528.0,4.0,578.0,9.0,1708,346.0
1688.0,6.0,949.0,5.0,1538,566.0
1945.0,3.0,491.0,9.0,972,328.0
838.0,8.0,812.0,4.0,1241,470.0
1888.0,3.0,123.0,4.0,765,138.0
1865.0,2.0,902.0,8.0,308,516.0
999.0,3.0,906.0,12.0,1051,509.0
1010.0,6.0,829.0,11.0,1157,479.0
1850.0,2.0,862.0,6.0,748,504.0
716.0,8.0,486.0,6.0,1441,308.0
1824.0,1.0,719.0,4.0,2267,460.0
1655.0,7.0,942.0,6.0,726,548.0
1593.0,2.0,330.0,4.0,624,228.0
1775.0,10.0,188.0,11.0,1704,200.0
1938.0,6.0,906.0,4.0,1968,561.0
944.0,2.0,228.0,8.0,868,162.0
1375.0,2.0,798.0,12.0,2659,497.0
1705.0,10.0,958.0,10.0,2194,593.0
666.0,8.0,537.0,7.0,871,321.0
590.0,2.0,501.0,12.0,839,288.0
1213.0,7.0,900.0,12.0,621,512.0
538.0,3.0,70.0,5.0,1500,86.0
1649.0,8.0,63.0,9.0,2281,141.0
1974.0,7.0,689.0,7.0,347,423.0
672.0,8.0,547.0,11.0,1441,338.0
1152.0,7.0,857.0,10.0,2583,528.0
1253.0,6.0,997.0,10.0,1958,586.0
1743.0,7.0,74.0,12.0,785,118.0
1581.0,5.0,621.0,8.0,685,380.0
975.0,7.0,595.0,9.0,2498,390.0
955.0,1.0,713.0,4.0,242,390.0
1328.0,1.0,180.0,9.0,1066,152.0
1394.0,9.0,282.0,5.0,2951,258.0
1884.0,5.0,898.0,9.0,817,531.0
1524.0,5.0,708.0,12.0,742,424.0
886.0,3.0,544.0,11.0,2648,357.0
847.0,5.0,400.0,12.0,469,244.0
689.0,3.0,949.0,11.0,1209,524.0
1004.0,9.0,702.0,6.0,886,415.0
1714.0,9.0,336.0,11.0,2886,294.0
1892.0,6.0,117.0,9.0,1583,158.0
1932.0,1.0,856.0,9.0,1049,508.0
1323.0,7.0,171.0,9.0,1448,167.0
1428.0,7.0,823.0,6.0,621,479.0
1433.0,10.0,461.0,4.0,2636,345.0
1640.0,10.0,215.0,7.0,2052,216.0
633.0,4.0,599.0,9.0,2544,376.0
557.0,8.0,25.0,5.0,454,53.0
1184.0,6.0,336.0,10.0,1046,235.0
1171.0,4.0,617.0,10.0,2435,399.0
672.0,4.0,668.0,7.0,1582,392.0
1314.0,2.0,11.0,7.0,1747,83.0
1672.0,2.0,19.0,4.0,635,75.0
579.0,4.0,443.0,5.0,1414,274.0
1385.0,5.0,134.0,12.0,2998,178.0
1736.0,8.0,90.0,11.0,2985,172.0
702.0,6.0,494.0,11.0,2315,325.0
1263.0,4.0,661.0,12.0,1049,397.0
1752.0,7.0,847.0,10.0,720,503.0
1750.0,8.0,159.0,12.0,527,158.0
1964.0,2.0,809.0,5.0,1825,502.0
1925.0,7.0,882.0,9.0,2637,564.0
546.0,2.0,349.0,6.0,2502,244.0
1756.0,2.0,138.0,9.0,2343,171.0
1828.0,8.0,447.0,6.0,644,306.0
1666.0,2.0,760.0,11.0,2864,490.0
1938.0,9.0,510.0,7.0,923,348.0
1896.0,1.0,67.0,9.0,1102,113.0
1782.0,9.0,207.0,12.0,758,189.0
1155.0,1.0,220.0,5.0,2927,204.0
970.0,10.0,923.0,5.0,2158,552.0
1470.0,10.0,911.0,10.0,2543,569.0
1535.0,2.0,54.0,5.0,830,92.0
1853.0,6.0,106.0,5.0,1932,158.0
1235.0,6.0,288.0,7.0,508,202.0
1283.0,1.0,544.0,12.0,2509,362.0
1467.0,7.0,419.0,11.0,183,270.0
857.0,8.0,470.0,5.0,2303,321.0
1471.0,2.0,400.0,11.0,806,263.0
1931.0,8.0,856.0,7.0,2061,542.0
1167.0,9.0,53.0,5.0,2619,130.0
872.0,6.0,36.0,10.0,2766,110.0
1531.0,5.0,803.0,9.0,1547,487.0
1645.0,9.0,106.0,8.0,233,124.0
1871.0,9.0,984.0,4.0,887,582.0
1175.0,1.0,557.0,5.0,963,334.0
589.0,3.0,630.0,11.0,766,353.0
1197.0,9.0,576.0,4.0,376,348.0
1839.0,2.0,713.0,6.0,1875,452.0
1701.0,4.0,228.0,5.0,981,191.0
1039.0,4.0,194.0,8.0,2160,178.0
1231.0,2.0,78.0,7.0,2489,128.0
1368.0,3.0,838.0,10.0,2182,509.0
540.0,3.0,139.0,8.0,2706,145.0
1239.0,1.0,576.0,11.0,1337,353.0
1001.0,6.0,899.0,7.0,2552,541.0
1458.0,8.0,618.0,9.0,2805,424.0
1668.0,3.0,857.0,7.0,258,488.0
1724.0,5.0,608.0,5.0,1233,389.0
1428.0,1.0,815.0,4.0,2696,505.0
960.0,10.0,640.0,4.0,1951,406.0
1231.0,7.0,729.0,11.0,378,422.0
1251.0,10.0,343.0,7.0,2626,280.0
1424.0,1.0,934.0,8.0,210,515.0
1408.0,9.0,163.0,11.0,2578,192.0
1776.0,8.0,556.0,10.0,641,359.0
889.0,7.0,88.0,11.0,1238,109.0
1382.0,10.0,588.0,11.0,459,364.0
755.0,7.0,864.0,9.0,2519,518.0
1208.0,5.0,422.0,5.0,1338,282.0
949.0,5.0,555.0,9.0,1856,352.0
509.0,5.0,618.0,4.0,1054,354.0
1323.0,1.0,178.0,4.0,2406,177.0
1297.0,8.0,690.0,6.0,2925,457.0
1765.0,1.0,672.0,6.0,2267,435.0
1774.0,4.0,592.0,8.0,1075,378.0
1376.0,9.0,524.0,4.0,1012,340.0
1528.0,9.0,323.0,9.0,1251,249.0
1642.0,5.0,41.0,10.0,822,95.0
1515.0,4.0,296.0,6.0,2670,253.0
873.0,3.0,603.0,7.0,1811,369.0
1588.0,3.0,52.0,6.0,424,87.0
645.0,5.0,912.0,4.0,1629,516.0
723.0,10.0,626.0,11.0,1649,387.0
1762.0,1.0,10.0,5.0,1173,82.0
676.0,5.0,582.0,4.0,2045,361.0
1352.0,6.0,279.0,11.0,1707,225.0
1805.0,7.0,189.0,10.0,2216,206.0
562.0,9.0,745.0,10.0,490,416.0
1740.0,3.0,527.0,7.0,2530,371.0
1326.0,2.0,112.0,12.0,115,101.0
1294.0,3.0,19.0,9.0,945,72.0
1188.0,9.0,592.0,5.0,968,368.0
1984.0,7.0,99.0,4.0,667,135.0
604.0,9.0,235.0,4.0,2279,198.0
1622.0,2.0,679.0,12.0,2119,434.0
1010.0,5.0,749.0,7.0,2420,462.0
884.0,4.0,926.0,8.0,1746,531.0
904.0,2.0,135.0,6.0,2631,150.0
1322.0,9.0,965.0,7.0,2697,593.0
1017.0,9.0,218.0,11.0,456,166.0
975.0,6.0,106.0,7.0,1756,128.0
1208.0,6.0,83.0,12.0,2380,137.0
1270.0,8.0,636.0,12.0,135,374.0
1960.0,6.0,200.0,9.0,2560,221.0
1546.0,1.0,691.0,5.0,1127,415.0
1496.0,4.0,828.0,10.0,2191,510.0
1176.0,7.0,969.0,12.0,2715,587.0
1213.0,2.0,725.0,9.0,2887,460.0
1981.0,9.0,65.0,6.0,213,113.0
582.0,8.0,729.0,10.0,1872,434.0
1668.0,8.0,562.0,8.0,2544,397.0
1608.0,7.0,41.0,4.0,1297,107.0
1601.0,4.0,536.0,6.0,1378,350.0
956.0,2.0,583.0,8.0,565,334.0
500.0,3.0,676.0,10.0,1587,390.0
550.0,6.0,293.0,6.0,946,193.0
1184.0,5.0,730.0,9.0,601,421.0
1216.0,8.0,841.0,8.0,540,483.0
1969.0,6.0,503.0,4.0,2216,365.0
948.0,6.0,196.0,9.0,425,146.0
1380.0,1.0,507.0,11.0,1865,333.0
987.0,4.0,451.0,4.0,166,265.0
533.0,5.0,139.0,5.0,403,102.0
1871.0,3.0,648.0,7.0,1071,406.0
594.0,9.0,301.0,5.0,583,196.0
1595.0,1.0,123.0,12.0,1028,131.0
653.0,6.0,208.0,11.0,1540,165.0
749.0,6.0,22.0,11.0,248,50.0
1173.0,10.0,280.0,7.0,2731,249.0
937.0,5.0,610.0,8.0,2395,390.0
617.0,5.0,224.0,7.0,1224,164.0
1270.0,10.0,453.0,12.0,2849,341.0
1829.0,5.0,799.0,5.0,195,467.0
767.0,6.0,521.0,11.0,381,302.0
1577.0,8.0,456.0,5.0,2469,339.0
735.0,2.0,995.0,4.0,628,535.0
888.0,6.0,724.0,6.0,2410,447.0
1489.0,1.0,83.0,12.0,1742,122.0
1262.0,4.0,546.0,6.0,679,331.0
900.0,10.0,110.0,12.0,1763,136.0
1123.0,3.0,185.0,10.0,2441,180.0
1266.0,9.0,436.0,4.0,1731,307.0
1826.0,3.0,126.0,8.0,2542,173.0
1418.0,6.0,175.0,12.0,2660,194.0
1730.0,1.0,50.0,6.0,909,96.0
1752.0,6.0,438.0,12.0,792,299.0
1352.0,4.0,353.0,8.0,334,231.0
1077.0,8.0,433.0,12.0,1051,285.0
574.0,9.0,375.0,9.0,1954,261.0
934.0,4.0,129.0,12.0,1460,129.0
602.0,10.0,618.0,10.0,1131,369.0
1945.0,10.0,666.0,10.0,1566,442.0
1263.0,6.0,737.0,11.0,2064,459.0
1237.0,1.0,238.0,10.0,638,170.0
1305.0,4.0,834.0,12.0,919,482.0
1829.0,7.0,139.0,12.0,1781,173.0
597.0,1.0,361.0,9.0,371,207.0
1297.0,8.0,898.0,10.0,1128,525.0
1858.0,10.0,327.0,5.0,2022,278.0
1358.0,6.0,993.0,12.0,1342,575.0
934.0,5.0,658.0,4.0,1241,390.0
946.0,10.0,845.0,4.0,692,483.0
1831.0,9.0,346.0,6.0,1705,279.0
748.0,2.0,282.0,9.0,214,171.0
665.0,5.0,126.0,8.0,2410,140.0
1483.0,6.0,827.0,5.0,1777,504.0
1858.0,7.0,377.0,12.0,1545,288.0
1519.0,5.0,103.0,7.0,306,112.0
1041.0,9.0,177.0,7.0,2450,185.0
1258.0,1.0,963.0,8.0,211,524.0
1629.0,7.0,724.0,11.0,1540,455.0
580.0,10.0,350.0,7.0,1982,251.0
632.0,7.0,670.0,8.0,284,372.0
1296.0,4.0,923.0,7.0,1864,544.0
1399.0,9.0,704.0,9.0,1000,431.0
637.0,5.0,934.0,6.0,320,501.0
683.0,4.0,161.0,11.0,1567,139.0
1924.0,7.0,595.0,9.0,1193,392.0
1853.0,4.0,886.0,8.0,2769,561.0
1284.0,3.0,922.0,5.0,2574,556.0
1483.0,9.0,283.0,10.0,2791,259.0
568.0,8.0,563.0,5.0,2715,367.0
1045.0,1.0,505.0,4.0,2112,326.0
552.0,7.0,733.0,10.0,2590,448.0
1973.0,9.0,110.0,8.0,700,145.0
704.0,8.0,566.0,4.0,1260,344.0
625.0,8.0,91.0,7.0,603,91.0
542.0,6.0,538.0,7.0,2278,342.0
610.0,4.0,82.0,10.0,317,73.0
1260.0,8.0,23.0,12.0,2835,121.0
1706.0,3.0,442.0,5.0,2318,323.0
1347.0,9.0,166.0,4.0,1598,172.0
594.0,2.0,744.0,5.0,711,407.0
1897.0,2.0,141.0,10.0,1252,155.0
1399.0,7.0,347.0,9.0,156,231.0
859.0,10.0,413.0,7.0,1304,277.0
1399.0,4.0,385.0,4.0,345,248.0
780.0,10.0,897.0,4.0,243,495.0
1718.0,8.0,568.0,8.0,467,360.0
1718.0,9.0,116.0,4.0,1582,158.0
1166.0,7.0,629.0,10.0,2365,410.0
592.0,5.0,274.0,4.0,715,177.0
1171.0,8.0,214.0,4.0,1981,196.0
560.0,4.0,88.0,5.0,1688,101.0
1133.0,2.0,164.0,6.0,2589,170.0
1574.0,6.0,792.0,4.0,2988,513.0
1926.0,9.0,997.0,12.0,798,589.0
1528.0,1.0,256.0,11.0,975,194.0
1989.0,10.0,540.0,8.0,1785,384.0
1103.0,7.0,867.0,5.0,2923,538.0
1181.0,10.0,957.0,8.0,2909,591.0
1033.0,9.0,547.0,9.0,1044,342.0
1928.0,10.0,738.0,4.0,1022,466.0
1337.0,9.0,163.0,7.0,1846,175.0
1144.0,10.0,163.0,12.0,124,137.0
732.0,3.0,695.0,5.0,2953,433.0
1023.0,5.0,101.0,8.0,1787,126.0
845.0,8.0,442.0,4.0,1659,294.0
1569.0,8.0,347.0,7.0,2911,293.0
1045.0,4.0,489.0,7.0,1183,306.0
1601.0,1.0,702.0,9.0,533,411.0
1596.0,1.0,140.0,12.0,1189,143.0
1293.0,4.0,459.0,6.0,2712,329.0
748.0,6.0,819.0,12.0,2051,484.0
546.0,8.0,796.0,9.0,2253,474.0
1644.0,6.0,282.0,10.0,195,205.0
713.0,9.0,938.0,5.0,267,512.0
738.0,9.0,597.0,9.0,2189,381.0
1579.0,2.0,186.0,9.0,2002,183.0
849.0,10.0,705.0,5.0,2251,441.0
606.0,1.0,840.0,5.0,1968,478.0
1330.0,2.0,652.0,5.0,2667,422.0
547.0,5.0,884.0,4.0,2098,509.0
836.0,4.0,58.0,8.0,2429,109.0
1549.0,4.0,576.0,11.0,1233,366.0
1303.0,9.0,675.0,5.0,2110,435.0
1780.0,8.0,364.0,8.0,848,267.0
507.0,6.0,721.0,11.0,1991,427.0
1124.0,1.0,317.0,8.0,930,212.0
1776.0,2.0,877.0,5.0,148,497.0
1218.0,6.0,894.0,6.0,214,498.0
802.0,2.0,639.0,9.0,1278,372.0
1138.0,10.0,784.0,8.0,1772,480.0
555.0,5.0,55.0,7.0,2650,106.0
1225.0,5.0,311.0,7.0,170,204.0
1025.0,6.0,877.0,8.0,1459,509.0
973.0,6.0,921.0,5.0,166,504.0
527.0,6.0,417.0,12.0,1616,268.0
577.0,2.0,198.0,5.0,1773,154.0
1739.0,10.0,831.0,5.0,1877,524.0
1909.0,3.0,839.0,12.0,1066,503.0
864.0,6.0,138.0,6.0,2328,152.0
1165.0,8.0,570.0,10.0,1889,373.0
1025.0,1.0,546.0,7.0,712,319.0
1198.0,1.0,275.0,9.0,1986,214.0
1835.0,2.0,127.0,7.0,1722,156.0
1382.0,6.0,473.0,10.0,796,305.0
1530.0,9.0,153.0,4.0,2750,194.0
1526.0,4.0,451.0,6.0,2395,326.0
1418.0,3.0,209.0,6.0,1337,178.0
1249.0,8.0,166.0,4.0,2506,185.0
862.0,10.0,496.0,9.0,348,300.0
1797.0,9.0,869.0,12.0,737,520.0
1305.0,5.0,143.0,11.0,1049,141.0
1238.0,9.0,921.0,10.0,2004,555.0
1538.0,2.0,157.0,11.0,1211,152.0
1715.0,3.0,345.0,9.0,2810,285.0
984.0,7.0,80.0,12.0,275,88.0
527.0,7.0,242.0,6.0,822,166.0
1213.0,6.0,343.0,12.0,2573,271.0
1562.0,6.0,820.0,7.0,870,485.0
1796.0,2.0,675.0,10.0,2047,435.0
1754.0,10.0,99.0,12.0,802,137.0
585.0,6.0,343.0,5.0,2228,244.0
1997.0,4.0,208.0,5.0,1026,191.0
625.0,3.0,170.0,12.0,237,114.0
1311.0,2.0,547.0,6.0,2617,368.0
1036.0,1.0,130.0,12.0,2497,147.0
644.0,5.0,310.0,8.0,1249,208.0
1735.0,2.0,733.0,9.0,2040,462.0
524.0,2.0,584.0,5.0,1991,350.0
1917.0,7.0,972.0,11.0,1978,596.0
566.0,8.0,445.0,12.0,1353,282.0
732.0,10.0,77.0,5.0,1583,111.0
608.0,8.0,774.0,9.0,1468,450.0
1669.0,4.0,931.0,9.0,409,531.0
610.0,1.0,468.0,11.0,1143,276.0
727.0,7.0,523.0,8.0,1770,332.0
610.0,1.0,407.0,12.0,1664,256.0
1993.0,4.0,629.0,4.0,1683,414.0
533.0,8.0,295.0,12.0,1600,211.0
1122.0,2.0,570.0,10.0,2416,370.0
1892.0,6.0,149.0,7.0,869,159.0
1247.0,6.0,739.0,6.0,115,420.0
1094.0,9.0,565.0,9.0,705,346.0
924.0,5.0,938.0,4.0,1481,535.0
1112.0,10.0,790.0,6.0,912,465.0
1191.0,4.0,599.0,5.0,2090,384.0
1805.0,5.0,737.0,12.0,2629,484.0
1843.0,10.0,903.0,6.0,994,545.0
1966.0,5.0,619.0,5.0,1667,410.0
814.0,8.0,757.0,7.0,2416,466.0
1376.0,10.0,291.0,5.0,513,216.0
1900.0,8.0,670.0,4.0,124,409.0
1812.0,2.0,933.0,9.0,2104,566.0
1960.0,7.0,825.0,11.0,415,493.0
1161.0,8.0,945.0,5.0,670,535.0
776.0,6.0,587.0,12.0,824,344.0
1123.0,5.0,755.0,6.0,1949,459.0
1015.0,9.0,466.0,11.0,1399,309.0
1873.0,3.0,96.0,11.0,2053,150.0
1342.0,10.0,88.0,6.0,488,113.0
1969.0,4.0,214.0,6.0,2869,230.0
849.0,9.0,800.0,9.0,543,453.0
1322.0,6.0,346.0,4.0,2844,280.0
1660.0,8.0,263.0,7.0,1070,217.0
1258.0,7.0,313.0,4.0,2868,264.0
1398.0,2.0,389.0,6.0,2515,289.0
742.0,3.0,139.0,12.0,2064,138.0
1042.0,1.0,605.0,8.0,2489,384.0
1563.0,9.0,285.0,8.0,1928,245.0
728.0,7.0,708.0,7.0,403,397.0
1047.0,1.0,567.0,6.0,863,333.0
1419.0,3.0,908.0,8.0,2073,543.0
1746.0,4.0,192.0,7.0,915,173.0
505.0,4.0,277.0,11.0,2259,206.0
1845.0,5.0,817.0,7.0,977,492.0
967.0,3.0,331.0,11.0,802,216.0
574.0,3.0,521.0,9.0,2993,342.0
503.0,1.0,621.0,8.0,1043,347.0
1145.0,7.0,87.0,7.0,2426,139.0
617.0,10.0,793.0,7.0,2529,484.0
1380.0,1.0,348.0,7.0,2160,259.0
1003.0,2.0,683.0,12.0,402,383.0
1446.0,4.0,565.0,7.0,1679,366.0
1073.0,4.0,518.0,12.0,259,304.0
1964.0,5.0,247.0,9.0,2301,237.0
693.0,2.0,143.0,10.0,2901,153.0
1346.0,4.0,982.0,6.0,2328,585.0
1214.0,1.0,201.0,11.0,1303,164.0
1915.0,2.0,365.0,6.0,2524,293.0
1549.0,1.0,287.0,4.0,2923,249.0
1958.0,10.0,27.0,8.0,1291,117.0
672.0,10.0,533.0,5.0,1273,331.0
1823.0,4.0,189.0,9.0,2163,199.0
825.0,4.0,132.0,12.0,1214,122.0
1933.0,7.0,255.0,4.0,1243,223.0
1641.0,10.0,743.0,7.0,2079,481.0
1335.0,9.0,382.0,4.0,352,254.0
1223.0,9.0,60.0,4.0,1532,114.0
724.0,5.0,80.0,11.0,2178,114.0
1031.0,10.0,489.0,5.0,830,311.0
612.0,1.0,569.0,4.0,2436,352.0
639.0,1.0,28.0,11.0,597,46.0
1058.0,6.0,783.0,7.0,1528,464.0
500.0,2.0,93.0,6.0,647,77.0
589.0,8.0,164.0,7.0,1060,136.0
1153.0,9.0,574.0,8.0,231,343.0
819.0,4.0,628.0,4.0,1447,374.0
638.0,5.0,366.0,4.0,957,230.0
1344.0,8.0,825.0,6.0,1255,493.0
758.0,3.0,656.0,9.0,2132,398.0
1401.0,5.0,452.0,4.0,620,289.0
1189.0,3.0,78.0,5.0,129,82.0
509.0,10.0,532.0,10.0,2774,356.0
760.0,3.0,152.0,4.0,2151,146.0
671.0,3.0,201.0,10.0,608,138.0
1397.0,7.0,396.0,7.0,1360,280.0
512.0,7.0,387.0,9.0,1658,255.0
1691.0,7.0,590.0,11.0,115,361.0
820.0,10.0,544.0,12.0,1096,338.0
1842.0,8.0,702.0,9.0,1707,455.0
828.0,5.0,302.0,12.0,1939,224.0
1284.0,5.0,18.0,7.0,2116,99.0
1276.0,4.0,280.0,9.0,1353,212.0
1410.0,7.0,396.0,11.0,1843,290.0
1942.0,10.0,102.0,12.0,2410,177.0
1618.0,4.0,975.0,6.0,1188,566.0
817.0,2.0,538.0,5.0,2412,344.0
735.0,4.0,163.0,9.0,1461,140.0
833.0,8.0,414.0,7.0,477,256.0
875.0,9.0,849.0,4.0,1298,493.0
1982.0,3.0,158.0,11.0,575,155.0
1660.0,7.0,898.0,12.0,1389,540.0
1087.0,9.0,276.0,12.0,428,196.0
1012.0,4.0,431.0,5.0,1939,291.0
1819.0,10.0,849.0,12.0,1286,524.0
1843.0,3.0,627.0,10.0,537,385.0
1417.0,5.0,481.0,8.0,1490,322.0
1872.0,1.0,902.0,10.0,1873,546.0
1372.0,3.0,556.0,12.0,1322,351.0
1752.0,8.0,640.0,11.0,1623,420.0
769.0,8.0,535.0,9.0,2163,349.0
1297.0,4.0,512.0,7.0,1944,340.0
1814.0,2.0,23.0,4.0,1419,97.0
1224.0,8.0,787.0,9.0,967,464.0
1688.0,8.0,661.0,6.0,2658,449.0
504.0,10.0,815.0,9.0,1911,480.0
1350.0,4.0,373.0,9.0,1083,256.0
1902.0,3.0,128.0,7.0,1362,153.0
577.0,2.0,247.0,5.0,2728,198.0
1933.0,9.0,555.0,12.0,1424,381.0
1073.0,1.0,178.0,5.0,2153,165.0
631.0,7.0,531.0,6.0,1118,319.0
1100.0,5.0,643.0,4.0,1889,401.0
1565.0,8.0,922.0,10.0,906,541.0
588.0,4.0,666.0,4.0,1993,397.0
901.0,7.0,972.0,12.0,1509,556.0
795.0,5.0,967.0,4.0,2766,571.0
1818.0,5.0,744.0,8.0,1418,464.0
1115.0,9.0,892.0,10.0,1241,521.0
1299.0,9.0,778.0,6.0,504,455.0
921.0,9.0,789.0,12.0,1886,477.0
1546.0,6.0,880.0,11.0,693,511.0
1074.0,6.0,525.0,6.0,2713,360.0
642.0,5.0,947.0,8.0,2899,560.0
1492.0,9.0,406.0,10.0,111,267.0
1164.0,10.0,875.0,7.0,2312,537.0
644.0,8.0,115.0,8.0,1417,120.0
1748.0,7.0,94.0,6.0,1642,145.0
1506.0,7.0,223.0,12.0,2225,214.0
1002.0,6.0,130.0,12.0,713,121.0
1320.0,5.0,141.0,10.0,2086,161.0
603.0,4.0,859.0,5.0,968,473.0
1562.0,3.0,206.0,10.0,911,173.0
697.0,3.0,28.0,10.0,1922,78.0
1078.0,6.0,651.0,8.0,866,386.0
890.0,4.0,21.0,12.0,181,48.0
1702.0,6.0,90.0,6.0,1844,144.0
1053.0,3.0,339.0,7.0,2356,253.0
1971.0,4.0,875.0,4.0,621,515.0
1538.0,9.0,783.0,9.0,1427,483.0
1812.0,5.0,401.0,7.0,1093,285.0
977.0,7.0,646.0,4.0,2612,417.0
1754.0,10.0,316.0,5.0,1625,262.0
1422.0,2.0,276.0,6.0,1569,215.0
919.0,5.0,456.0,12.0,2775,320.0
656.0,9.0,450.0,11.0,1613,294.0
1049.0,3.0,904.0,10.0,880,506.0
1964.0,9.0,661.0,7.0,1551,437.0
1620.0,6.0,850.0,4.0,658,497.0
1520.0,4.0,11.0,11.0,2238,103.0
1496.0,7.0,529.0,7.0,2137,365.0
1934.0,8.0,771.0,6.0,1853,495.0
1450.0,6.0,660.0,12.0,959,404.0
788.0,5.0,645.0,7.0,1712,389.0
1777.0,6.0,318.0,7.0,655,236.0
695.0,5.0,749.0,12.0,255,410.0
1097.0,8.0,531.0,5.0,2149,356.0
1016.0,1.0,478.0,8.0,1480,300.0
1364.0,7.0,221.0,7.0,924,183.0
1641.0,10.0,121.0,12.0,1692,163.0
1305.0,10.0,17.0,8.0,2949,125.0
1682.0,2.0,813.0,12.0,1181,484.0
1314.0,9.0,486.0,12.0,1303,326.0
727.0,1.0,883.0,5.0,592,476.0
715.0,10.0,469.0,12.0,768,291.0
1447.0,6.0,262.0,6.0,174,188.0
514.0,9.0,535.0,7.0,470,309.0
1680.0,1.0,761.0,4.0,686,445.0
1784.0,4.0,447.0,4.0,428,292.0
1680.0,4.0,763.0,4.0,689,452.0
546.0,9.0,990.0,12.0,1890,566.0
823.0,5.0,863.0,11.0,876,483.0
1343.0,5.0,670.0,8.0,2122,427.0
629.0,6.0,245.0,8.0,2451,201.0
1934.0,1.0,315.0,12.0,678,230.0
594.0,1.0,487.0,6.0,320,268.0
1126.0,9.0,688.0,6.0,1287,420.0
1254.0,3.0,29.0,10.0,1603,89.0
1815.0,4.0,225.0,12.0,2522,225.0
1293.0,1.0,864.0,9.0,1807,508.0
1806.0,9.0,144.0,5.0,1845,180.0
568.0,8.0,914.0,4.0,287,494.0
510.0,2.0,138.0,5.0,1314,113.0
1777.0,8.0,419.0,4.0,1209,301.0
1371.0,7.0,431.0,12.0,2621,322.0
1049.0,6.0,303.0,11.0,943,213.0
1657.0,1.0,255.0,10.0,630,191.0
1211.0,7.0,710.0,6.0,1170,427.0
522.0,10.0,565.0,11.0,1062,338.0
1314.0,7.0,95.0,5.0,2622,152.0
845.0,9.0,565.0,5.0,1269,350.0
801.0,1.0,851.0,6.0,1505,480.0
862.0,2.0,384.0,10.0,616,233.0
895.0,9.0,455.0,4.0,1988,311.0
717.0,9.0,387.0,11.0,2573,284.0
640.0,6.0,399.0,10.0,1591,262.0
1457.0,6.0,666.0,7.0,1217,412.0
1733.0,4.0,60.0,8.0,232,93.0
1484.0,4.0,251.0,4.0,413,185.0
1492.0,5.0,303.0,7.0,690,219.0
1327.0,3.0,929.0,4.0,1643,542.0
1182.0,1.0,572.0,4.0,2306,368.0
1983.0,1.0,275.0,4.0,2808,254.0
1503.0,7.0,129.0,10.0,1985,162.0
855.0,1.0,721.0,10.0,1726,422.0
1507.0,1.0,926.0,7.0,847,526.0
1847.0,3.0,257.0,5.0,1597,220.0
1656.0,10.0,79.0,6.0,900,126.0
1387.0,4.0,862.0,11.0,2557,531.0
626.0,4.0,66.0,11.0,1597,91.0
1629.0,2.0,391.0,9.0,1479,277.0
1508.0,1.0,48.0,12.0,779,86.0
1103.0,3.0,993.0,12.0,2261,580.0
1901.0,4.0,810.0,7.0,996,489.0
1513.0,3.0,452.0,4.0,1646,309.0
550.0,8.0,27.0,4.0,1893,82.0
1552.0,10.0,961.0,8.0,2212,590.0
1985.0,1.0,741.0,5.0,783,446.0
1819.0,2.0,834.0,9.0,1395,502.0
1820.0,7.0,765.0,10.0,1785,486.0
1278.0,4.0,361.0,4.0,1485,255.0
1930.0,8.0,981.0,9.0,2293,609.0
1313.0,3.0,825.0,11.0,1042,478.0
1928.0,6.0,307.0,8.0,1409,250.0
1869.0,9.0,292.0,10.0,1133,242.0
919.0,1.0,595.0,9.0,2886,384.0
1705.0,1.0,119.0,7.0,2333,158.0
1482.0,8.0,189.0,10.0,1720,188.0
1324.0,3.0,947.0,12.0,2982,578.0
1524.0,5.0,553.0,10.0,908,349.0
1066.0,1.0,755.0,8.0,270,416.0
870.0,5.0,803.0,10.0,2360,484.0
1435.0,6.0,34.0,6.0,1653,104.0
1160.0,8.0,852.0,5.0,1695,509.0
1954.0,3.0,800.0,8.0,1723,498.0
1468.0,3.0,747.0,7.0,126,425.0
1832.0,10.0,66.0,8.0,1113,129.0
1660.0,9.0,189.0,11.0,1191,185.0
701.0,4.0,241.0,7.0,2937,207.0
1959.0,4.0,903.0,12.0,507,528.0
812.0,7.0,352.0,10.0,1232,238.0
616.0,2.0,486.0,10.0,173,268.0
1436.0,8.0,808.0,11.0,2725,517.0
1074.0,6.0,585.0,9.0,779,351.0
743.0,3.0,464.0,11.0,1491,289.0
1036.0,9.0,241.0,6.0,2933,227.0
574.0,5.0,298.0,4.0,948,194.0
885.0,8.0,222.0,9.0,969,172.0
1733.0,7.0,267.0,4.0,336,205.0
974.0,8.0,539.0,12.0,2874,371.0
917.0,7.0,696.0,5.0,2525,439.0
846.0,3.0,938.0,5.0,2808,555.0
1139.0,2.0,238.0,10.0,2977,216.0
1438.0,7.0,235.0,5.0,1005,193.0
1454.0,3.0,605.0,11.0,2523,402.0
1375.0,3.0,812.0,9.0,718,467.0
1262.0,2.0,444.0,10.0,2800,319.0
1702.0,4.0,891.0,10.0,1132,526.0
1705.0,8.0,767.0,9.0,2343,496.0
1163.0,1.0,411.0,12.0,2954,301.0
524.0,1.0,631.0,12.0,1413,361.0
1703.0,5.0,775.0,10.0,946,467.0
1209.0,5.0,97.0,12.0,2965,153.0
1684.0,1.0,593.0,6.0,2023,388.0
676.0,6.0,902.0,6.0,2711,536.0
784.0,1.0,551.0,4.0,733,314.0
562.0,5.0,693.0,8.0,2826,429.0
1502.0,9.0,318.0,7.0,1117,243.0
1161.0,5.0,915.0,5.0,107,503.0
1165.0,6.0,352.0,12.0,1492,252.0
655.0,8.0,445.0,6.0,1168,280.0
1992.0,1.0,186.0,11.0,2491,204.0
1572.0,2.0,148.0,9.0,1880,162.0
1466.0,9.0,203.0,8.0,2943,221.0
1348.0,3.0,195.0,4.0,1742,177.0
1607.0,6.0,227.0,7.0,1316,199.0
1884.0,5.0,173.0,6.0,948,171.0
1188.0,2.0,170.0,4.0,1480,153.0
647.0,7.0,952.0,8.0,161,511.0
841.0,4.0,534.0,9.0,1185,323.0
975.0,1.0,817.0,5.0,2569,490.0
1586.0,4.0,610.0,6.0,1917,398.0
1883.0,6.0,845.0,9.0,732,505.0
1060.0,7.0,51.0,7.0,891,88.0
826.0,7.0,924.0,12.0,2698,554.0
1664.0,7.0,219.0,8.0,1400,200.0
1489.0,3.0,750.0,7.0,2753,479.0
714.0,6.0,871.0,5.0,1554,498.0
934.0,8.0,284.0,9.0,1238,210.0
1451.0,4.0,963.0,5.0,1811,568.0
1222.0,8.0,288.0,10.0,624,208.0
1841.0,2.0,260.0,6.0,2120,230.0
531.0,10.0,319.0,12.0,998,215.0
1169.0,9.0,729.0,8.0,2310,463.0
784.0,9.0,842.0,11.0,886,479.0
1828.0,8.0,149.0,9.0,1460,173.0
928.0,10.0,801.0,11.0,2526,498.0
2000.0,10.0,555.0,6.0,272,362.0
785.0,1.0,830.0,6.0,1099,461.0
1667.0,2.0,913.0,8.0,1910,548.0
1947.0,6.0,539.0,6.0,163,342.0
1542.0,10.0,66.0,11.0,1445,127.0
517.0,5.0,121.0,11.0,1074,107.0
1268.0,9.0,14.0,5.0,165,65.0
1089.0,5.0,419.0,7.0,1966,290.0
1894.0,2.0,423.0,4.0,1722,305.0
1698.0,10.0,191.0,7.0,557,176.0
1509.0,4.0,22.0,7.0,1702,97.0
693.0,9.0,348.0,12.0,2600,264.0
1001.0,1.0,806.0,6.0,2057,475.0
1487.0,1.0,268.0,5.0,1840,216.0
1636.0,7.0,99.0,12.0,1549,143.0
613.0,3.0,625.0,12.0,2059,377.0
1745.0,10.0,900.0,4.0,2325,567.0
1446.0,2.0,707.0,9.0,2054,441.0
1330.0,9.0,259.0,11.0,379,194.0
1787.0,3.0,264.0,6.0,2491,240.0
1424.0,2.0,597.0,12.0,1140,367.0
554.0,8.0,907.0,5.0,2443,533.0
1299.0,10.0,980.0,9.0,2349,595.0
1277.0,6.0,117.0,4.0,1061,128.0
1981.0,6.0,677.0,10.0,2831,466.0
661.0,10.0,603.0,6.0,2042,381.0
1903.0,7.0,598.0,10.0,1317,395.0
586.0,7.0,494.0,7.0,474,287.0
554.0,6.0,991.0,12.0,2011,564.0
1999.0,4.0,981.0,8.0,134,560.0
1701.0,9.0,267.0,6.0,1492,231.0
1914.0,6.0,648.0,11.0,2176,436.0
1872.0,4.0,912.0,9.0,874,537.0
1531.0,3.0,291.0,5.0,320,202.0
1332.0,4.0,995.0,6.0,2200,588.0
812.0,3.0,97.0,11.0,2938,137.0
1258.0,2.0,213.0,10.0,2223,192.0
942.0,5.0,25.0,9.0,593,62.0
827.0,2.0,160.0,4.0,1811,143.0
1577.0,6.0,945.0,12.0,2264,576.0
1260.0,3.0,263.0,6.0,379,181.0
1762.0,6.0,197.0,8.0,845,179.0
1752.0,10.0,338.0,10.0,2911,299.0
1078.0,9.0,553.0,10.0,2442,375.0
1574.0,1.0,792.0,6.0,1574,475.0
1506.0,6.0,406.0,7.0,1957,298.0
1787.0,9.0,526.0,10.0,1641,366.0
1941.0,4.0,468.0,11.0,1196,323.0
595.0,2.0,339.0,5.0,2989,250.0
1611.0,4.0,829.0,12.0,1159,493.0
1601.0,1.0,854.0,10.0,2022,516.0
1811.0,3.0,178.0,11.0,2105,191.0
1643.0,10.0,702.0,9.0,596,431.0
1313.0,9.0,375.0,9.0,2353,291.0
990.0,10.0,187.0,12.0,2573,194.0
951.0,5.0,664.0,7.0,143,372.0
664.0,6.0,371.0,8.0,1951,255.0
681.0,3.0,769.0,12.0,2752,465.0
968.0,5.0,648.0,4.0,553,372.0
1409.0,8.0,784.0,7.0,694,463.0
1234.0,6.0,49.0,10.0,1456,102.0
1322.0,4.0,933.0,12.0,606,525.0
1443.0,2.0,425.0,9.0,893,277.0
506.0,9.0,364.0,11.0,120,217.0
829.0,1.0,264.0,12.0,1499,188.0
1274.0,1.0,152.0,7.0,2767,170.0
650.0,4.0,761.0,4.0,2561,458.0
1608.0,7.0,749.0,11.0,1194,460.0
646.0,1.0,862.0,5.0,1527,481.0
1904.0,9.0,719.0,4.0,1685,467.0
1414.0,4.0,586.0,10.0,1914,381.0
1808.0,3.0,909.0,12.0,1520,544.0
1199.0,1.0,20.0,12.0,436,56.0
581.0,10.0,629.0,6.0,1767,386.0
1013.0,4.0,35.0,9.0,1009,75.0
1314.0,9.0,966.0,10.0,375,547.0
1208.0,10.0,430.0,12.0,991,290.0
1245.0,6.0,672.0,5.0,112,386.0
1522.0,6.0,230.0,11.0,1126,194.0
1909.0,1.0,862.0,10.0,1073,511.0
1206.0,10.0,505.0,7.0,274,313.0
970.0,2.0,246.0,5.0,1508,185.0
1642.0,6.0,246.0,11.0,1725,218.0
895.0,2.0,228.0,8.0,2043,185.0
760.0,3.0,496.0,9.0,2388,323.0
1304.0,4.0,945.0,10.0,646,532.0
1433.0,5.0,470.0,4.0,2161,330.0
1779.0,9.0,672.0,11.0,1318,433.0
1404.0,4.0,644.0,7.0,1520,401.0
1749.0,9.0,153.0,12.0,1554,177.0
1576.0,10.0,999.0,4.0,2872,623.0
1439.0,3.0,198.0,5.0,1533,177.0
1353.0,8.0,264.0,9.0,102,190.0
1887.0,1.0,77.0,4.0,2838,152.0
1803.0,9.0,625.0,7.0,1942,422.0
1092.0,9.0,345.0,11.0,846,239.0
1213.0,10.0,680.0,8.0,2916,454.0
1681.0,2.0,830.0,12.0,971,488.0
1131.0,4.0,883.0,9.0,594,494.0
558.0,8.0,418.0,4.0,2564,291.0
627.0,7.0,309.0,9.0,1514,216.0
1235.0,1.0,917.0,9.0,727,511.0
1220.0,5.0,611.0,9.0,1175,374.0
1638.0,7.0,366.0,11.0,241,250.0
1732.0,4.0,265.0,9.0,1587,223.0
1025.0,1.0,362.0,8.0,145,215.0
1020.0,9.0,741.0,5.0,2991,477.0
1051.0,5.0,530.0,7.0,2157,348.0
736.0,2.0,533.0,8.0,763,307.0
1804.0,8.0,846.0,7.0,672,505.0
1882.0,2.0,959.0,5.0,2129,581.0
1724.0,3.0,765.0,10.0,1653,472.0
1801.0,10.0,703.0,5.0,1721,458.0
1758.0,1.0,293.0,4.0,2796,256.0
993.0,2.0,321.0,8.0,1012,213.0
503.0,7.0,108.0,4.0,739,96.0
1165.0,10.0,206.0,4.0,2763,212.0
941.0,2.0,491.0,4.0,2845,333.0
528.0,6.0,887.0,9.0,1008,490.0
1632.0,3.0,235.0,12.0,2325,218.0
1109.0,4.0,854.0,4.0,968,486.0
1304.0,8.0,624.0,8.0,1129,388.0
574.0,3.0,627.0,12.0,952,355.0
1337.0,10.0,374.0,12.0,406,254.0
1669.0,6.0,377.0,4.0,2695,303.0
627.0,1.0,579.0,11.0,2474,359.0
541.0,7.0,599.0,4.0,1916,366.0
1879.0,8.0,84.0,11.0,494,123.0
540.0,8.0,51.0,4.0,2447,105.0
1433.0,3.0,431.0,8.0,848,280.0
533.0,10.0,845.0,11.0,2432,506.0
1540.0,1.0,190.0,9.0,429,151.0
1676.0,9.0,554.0,12.0,2197,388.0
1497.0,6.0,80.0,4.0,2131,138.0
1901.0,9.0,577.0,12.0,872,380.0
1087.0,7.0,114.0,4.0,1745,137.0
841.0,1.0,209.0,6.0,1832,167.0
526.0,1.0,110.0,4.0,477,81.0
1810.0,6.0,777.0,6.0,1887,491.0
1145.0,5.0,316.0,5.0,1723,235.0
1230.0,9.0,595.0,5.0,1099,373.0
667.0,2.0,692.0,12.0,1948,408.0
1109.0,8.0,386.0,11.0,1661,275.0
767.0,5.0,664.0,4.0,873,381.0
1320.0,2.0,687.0,7.0,1183,409.0
954.0,10.0,408.0,4.0,1903,289.0
1405.0,6.0,782.0,4.0,1198,468.0
1924.0,10.0,230.0,7.0,2150,234.0
1421.0,8.0,604.0,5.0,1698,393.0
1480.0,4.0,191.0,6.0,847,163.0
1999.0,2.0,316.0,12.0,1571,253.0
1201.0,5.0,531.0,5.0,1864,347.0
1133.0,2.0,405.0,7.0,2422,288.0
629.0,2.0,13.0,4.0,1653,61.0
1519.0,6.0,872.0,5.0,1715,526.0
1886.0,10.0,923.0,8.0,2362,584.0
1318.0,9.0,857.0,4.0,1608,517.0
1192.0,4.0,813.0,10.0,428,458.0
1815.0,6.0,290.0,7.0,2402,258.0
1894.0,7.0,224.0,9.0,1510,212.0
1293.0,6.0,981.0,11.0,225,545.0
528.0,8.0,619.0,9.0,866,358.0
648.0,4.0,429.0,5.0,1673,274.0
1819.0,1.0,110.0,4.0,1327,137.0
510.0,7.0,972.0,11.0,1295,540.0
1175.0,3.0,530.0,11.0,1858,343.0
1636.0,6.0,582.0,12.0,316,358.0
686.0,2.0,318.0,9.0,1459,212.0
1306.0,9.0,667.0,4.0,1421,418.0
1243.0,1.0,948.0,12.0,931,531.0
1750.0,6.0,940.0,6.0,281,539.0
1833.0,6.0,519.0,9.0,433,334.0
597.0,5.0,72.0,12.0,610,75.0
554.0,5.0,642.0,6.0,482,356.0
1122.0,1.0,235.0,8.0,1996,192.0
1163.0,10.0,114.0,8.0,431,119.0
1257.0,5.0,983.0,10.0,1288,564.0
905.0,2.0,781.0,7.0,1365,448.0
568.0,7.0,870.0,7.0,999,485.0
1835.0,3.0,434.0,10.0,741,292.0
1812.0,4.0,264.0,12.0,1350,221.0
1250.0,3.0,438.0,7.0,733,276.0
1671.0,3.0,443.0,7.0,2598,328.0
1990.0,4.0,216.0,9.0,295,180.0
1767.0,5.0,37.0,9.0,1993,120.0
1457.0,1.0,691.0,10.0,557,401.0
864.0,4.0,345.0,4.0,929,223.0
981.0,8.0,597.0,6.0,2404,391.0
700.0,10.0,637.0,12.0,2156,402.0
653.0,7.0,78.0,9.0,2908,130.0
1973.0,9.0,875.0,9.0,1324,540.0
572.0,5.0,755.0,8.0,986,423.0
1212.0,10.0,522.0,6.0,492,326.0
795.0,4.0,176.0,8.0,1775,154.0
1540.0,8.0,873.0,4.0,2546,548.0
1740.0,9.0,739.0,6.0,2478,488.0
560.0,7.0,794.0,7.0,2627,479.0
1438.0,7.0,377.0,8.0,2281,290.0
541.0,5.0,260.0,12.0,1015,176.0
524.0,4.0,868.0,7.0,1034,477.0
1562.0,10.0,865.0,6.0,454,507.0
630.0,1.0,940.0,4.0,2731,544.0
1752.0,10.0,695.0,9.0,1621,451.0
607.0,10.0,179.0,10.0,2772,182.0
671.0,7.0,767.0,11.0,2437,465.0
1958.0,1.0,944.0,4.0,2972,591.0
601.0,1.0,99.0,7.0,728,83.0
1365.0,5.0,570.0,8.0,2779,390.0
1023.0,9.0,455.0,5.0,1270,300.0
774.0,6.0,303.0,4.0,426,194.0
1567.0,3.0,928.0,11.0,1538,547.0
1316.0,3.0,159.0,9.0,2357,171.0
1456.0,7.0,141.0,8.0,1521,157.0
1540.0,6.0,442.0,12.0,1226,303.0
829.0,9.0,68.0,5.0,2783,131.0
511.0,6.0,978.0,11.0,1880,553.0
1841.0,5.0,845.0,12.0,1631,520.0
715.0,10.0,208.0,4.0,2014,184.0
838.0,7.0,224.0,10.0,1332,177.0
1160.0,1.0,907.0,11.0,2056,531.0
1604.0,7.0,570.0,6.0,2575,397.0
873.0,3.0,481.0,7.0,492,281.0
1475.0,9.0,753.0,6.0,925,456.0
1209.0,6.0,256.0,10.0,2012,216.0
1723.0,9.0,391.0,12.0,2495,314.0
965.0,5.0,1000.0,6.0,149,541.0
1612.0,7.0,248.0,9.0,1496,215.0
1791.0,4.0,936.0,11.0,1150,552.0
988.0,7.0,376.0,9.0,899,249.0
546.0,1.0,177.0,5.0,1892,143.0
1811.0,7.0,569.0,10.0,2796,408.0
1277.0,8.0,60.0,5.0,1463,112.0
1539.0,5.0,820.0,5.0,2448,514.0
1210.0,2.0,619.0,5.0,1665,382.0
900.0,5.0,960.0,4.0,2313,562.0
1480.0,6.0,737.0,4.0,2463,473.0
1609.0,2.0,698.0,10.0,100,402.0
749.0,6.0,389.0,8.0,1119,250.0
890.0,6.0,483.0,6.0,1384,306.0
834.0,1.0,89.0,4.0,162,73.0
1128.0,1.0,706.0,9.0,2630,440.0
636.0,10.0,376.0,4.0,1969,265.0
1382.0,3.0,470.0,12.0,2369,329.0
1187.0,10.0,920.0,5.0,251,519.0
1326.0,10.0,548.0,4.0,743,347.0
1226.0,3.0,461.0,10.0,725,287.0
2000.0,4.0,473.0,9.0,316,310.0
1093.0,2.0,969.0,9.0,295,526.0
1746.0,9.0,487.0,8.0,1114,335.0
1489.0,10.0,935.0,7.0,2794,587.0
871.0,7.0,429.0,7.0,2855,310.0
1434.0,7.0,716.0,6.0,1621,446.0
1494.0,6.0,223.0,11.0,1678,201.0
901.0,3.0,378.0,10.0,1180,245.0
1966.0,6.0,863.0,12.0,1627,534.0
1114.0,8.0,123.0,4.0,821,126.0
1796.0,8.0,763.0,10.0,1707,485.0
1682.0,9.0,512.0,7.0,1859,360.0
1675.0,1.0,645.0,10.0,1662,407.0
1494.0,1.0,826.0,4.0,739,473.0
1119.0,3.0,597.0,8.0,2253,382.0
687.0,3.0,320.0,6.0,264,190.0
1621.0,10.0,478.0,8.0,314,313.0
630.0,8.0,833.0,7.0,1194,474.0
1304.0,10.0,717.0,5.0,189,420.0
1694.0,1.0,872.0,7.0,1895,525.0
1435.0,2.0,53.0,6.0,1351,99.0
1485.0,2.0,424.0,4.0,1202,283.0
682.0,3.0,707.0,11.0,707,393.0
1482.0,6.0,864.0,8.0,448,496.0
863.0,1.0,255.0,7.0,345,161.0
538.0,2.0,958.0,8.0,371,505.0
996.0,1.0,93.0,7.0,2130,120.0
1872.0,5.0,216.0,6.0,502,183.0
1481.0,7.0,160.0,8.0,1565,169.0
1420.0,8.0,677.0,7.0,1295,422.0
1920.0,10.0,537.0,4.0,1179,368.0
1221.0,1.0,174.0,6.0,1714,159.0
1684.0,7.0,926.0,11.0,1226,551.0
515.0,5.0,984.0,10.0,383,524.0
992.0,10.0,154.0,5.0,616,138.0
1949.0,1.0,46.0,4.0,2765,137.0
1631.0,3.0,342.0,6.0,1401,253.0
1393.0,7.0,412.0,8.0,711,275.0
1973.0,10.0,423.0,4.0,849,306.0
810.0,1.0,54.0,6.0,1392,80.0
1238.0,7.0,411.0,6.0,1956,294.0
1693.0,5.0,215.0,8.0,499,177.0
1045.0,1.0,71.0,6.0,1626,100.0
913.0,1.0,429.0,12.0,2124,286.0
750.0,1.0,877.0,4.0,2233,506.0
1258.0,9.0,477.0,7.0,419,301.0
1664.0,3.0,829.0,7.0,1155,492.0
1797.0,5.0,28.0,4.0,435,85.0
1939.0,10.0,374.0,5.0,2198,308.0
1562.0,9.0,309.0,4.0,273,223.0
1313.0,6.0,16.0,9.0,1741,93.0
528.0,9.0,770.0,6.0,600,429.0
1457.0,8.0,437.0,10.0,2223,322.0
976.0,8.0,126.0,8.0,2463,156.0
817.0,1.0,589.0,12.0,1956,359.0
744.0,9.0,516.0,10.0,1996,337.0
1247.0,6.0,555.0,7.0,1763,361.0
1196.0,9.0,715.0,8.0,1818,447.0
771.0,3.0,334.0,8.0,1878,232.0
1963.0,3.0,64.0,8.0,796,112.0
1762.0,6.0,787.0,12.0,831,474.0
876.0,9.0,51.0,6.0,1194,92.0
765.0,7.0,306.0,9.0,2813,245.0
1425.0,3.0,982.0,11.0,751,554.0
1420.0,3.0,240.0,12.0,1194,192.0
1882.0,2.0,462.0,10.0,145,293.0
839.0,9.0,899.0,6.0,1170,515.0
888.0,3.0,403.0,4.0,1545,263.0
1076.0,5.0,531.0,7.0,2296,352.0
502.0,9.0,367.0,9.0,555,227.0
1952.0,8.0,996.0,6.0,1762,606.0
1665.0,2.0,453.0,4.0,1065,300.0
875.0,3.0,137.0,9.0,2120,142.0
823.0,2.0,700.0,4.0,968,396.0
645.0,8.0,414.0,12.0,1628,274.0
792.0,6.0,401.0,4.0,1100,257.0
931.0,6.0,202.0,9.0,873,157.0
1204.0,9.0,613.0,4.0,2391,407.0
1448.0,8.0,890.0,10.0,2621,556.0
1084.0,4.0,752.0,6.0,2529,466.0
898.0,4.0,87.0,9.0,1226,102.0
1316.0,9.0,94.0,10.0,2636,156.0
1867.0,1.0,39.0,4.0,1160,99.0
1463.0,2.0,734.0,4.0,1777,449.0
1663.0,2.0,58.0,8.0,1643,115.0
686.0,6.0,786.0,9.0,496,434.0
560.0,4.0,154.0,12.0,2443,150.0
1438.0,10.0,78.0,4.0,206,105.0
1903.0,3.0,67.0,7.0,1053,116.0
1209.0,3.0,706.0,11.0,2677,448.0
1306.0,3.0,583.0,12.0,1948,375.0
1963.0,6.0,488.0,6.0,1033,334.0
1842.0,8.0,829.0,5.0,387,492.0
1825.0,7.0,454.0,7.0,805,311.0
1867.0,4.0,305.0,5.0,2143,258.0
510.0,4.0,687.0,4.0,1584,397.0
1585.0,10.0,180.0,6.0,314,162.0
725.0,2.0,584.0,10.0,1404,345.0
1676.0,1.0,156.0,4.0,2879,186.0
1063.0,9.0,493.0,5.0,2077,336.0
1271.0,2.0,315.0,4.0,1582,230.0
1833.0,8.0,682.0,11.0,1924,450.0
1384.0,9.0,662.0,8.0,443,398.0
1766.0,4.0,855.0,11.0,293,493.0
1889.0,8.0,618.0,6.0,257,385.0
1853.0,9.0,455.0,10.0,564,311.0
1630.0,10.0,230.0,11.0,2251,228.0
725.0,10.0,564.0,9.0,2181,366.0
1324.0,5.0,954.0,10.0,2786,581.0
717.0,7.0,813.0,5.0,1849,477.0
1436.0,10.0,387.0,11.0,2472,305.0
1252.0,4.0,629.0,8.0,2838,416.0
1005.0,1.0,275.0,10.0,691,182.0
758.0,3.0,104.0,4.0,2288,125.0
553.0,5.0,271.0,8.0,2621,213.0
1570.0,3.0,834.0,4.0,1154,492.0
1226.0,7.0,906.0,11.0,983,523.0
1188.0,9.0,80.0,7.0,162,96.0
1622.0,6.0,963.0,7.0,1210,565.0
1543.0,10.0,228.0,5.0,403,187.0
918.0,1.0,542.0,8.0,1184,323.0
1189.0,7.0,101.0,4.0,495,108.0
1349.0,3.0,136.0,12.0,433,122.0
561.0,5.0,89.0,8.0,2933,129.0
1668.0,10.0,833.0,9.0,510,496.0
715.0,4.0,247.0,5.0,2431,200.0
502.0,10.0,992.0,4.0,565,541.0
659.0,5.0,381.0,7.0,179,223.0
1280.0,5.0,925.0,10.0,2931,569.0
1643.0,6.0,495.0,9.0,1200,332.0
1392.0,10.0,703.0,4.0,2077,453.0
1612.0,10.0,34.0,4.0,832,100.0
828.0,6.0,165.0,11.0,1917,157.0
1079.0,8.0,526.0,7.0,1663,343.0
1880.0,8.0,641.0,8.0,1484,421.0
1790.0,9.0,798.0,10.0,2224,514.0
1451.0,8.0,539.0,11.0,2656,381.0
1846.0,2.0,952.0,10.0,1287,560.0
1134.0,10.0,719.0,5.0,1298,438.0
1487.0,1.0,66.0,7.0,2609,130.0
1718.0,10.0,614.0,4.0,1711,411.0
1420.0,2.0,28.0,12.0,2392,108.0
1237.0,2.0,393.0,6.0,221,241.0
1855.0,3.0,874.0,6.0,284,503.0
669.0,10.0,202.0,12.0,131,143.0
1020.0,7.0,246.0,6.0,1097,188.0
1986.0,2.0,396.0,11.0,2086,302.0
539.0,1.0,435.0,5.0,2909,292.0
1784.0,6.0,286.0,6.0,668,220.0
1918.0,9.0,236.0,5.0,2457,241.0
1454.0,3.0,754.0,4.0,1495,455.0
1749.0,6.0,561.0,5.0,1779,379.0
1483.0,3.0,332.0,11.0,929,234.0
1647.0,1.0,162.0,12.0,1719,166.0
1474.0,5.0,648.0,5.0,1179,400.0
537.0,10.0,246.0,10.0,890,176.0
827.0,4.0,64.0,8.0,2611,116.0
1774.0,7.0,989.0,6.0,2825,617.0
1699.0,6.0,445.0,12.0,2817,341.0
1413.0,10.0,693.0,9.0,2845,465.0
953.0,7.0,118.0,4.0,1093,122.0
536.0,5.0,875.0,8.0,177,466.0
1839.0,4.0,990.0,10.0,2681,611.0
1472.0,7.0,193.0,7.0,207,157.0
1295.0,7.0,960.0,11.0,1396,560.0
1472.0,6.0,377.0,8.0,2911,302.0
1092.0,8.0,992.0,12.0,2162,587.0
1637.0,4.0,207.0,12.0,469,169.0
1563.0,10.0,380.0,12.0,2352,303.0
1824.0,5.0,382.0,4.0,2104,296.0
723.0,4.0,982.0,5.0,1803,555.0
817.0,1.0,506.0,6.0,540,289.0
848.0,8.0,608.0,7.0,326,351.0
614.0,1.0,210.0,12.0,2675,178.0
1197.0,5.0,858.0,9.0,2501,524.0
1846.0,6.0,518.0,4.0,722,339.0
1563.0,6.0,331.0,12.0,1124,246.0
539.0,5.0,284.0,9.0,1676,201.0
1812.0,3.0,220.0,7.0,1743,204.0
1785.0,5.0,513.0,7.0,1284,344.0
715.0,8.0,912.0,6.0,260,497.0
1670.0,2.0,127.0,10.0,970,136.0
835.0,6.0,712.0,6.0,1845,429.0
1691.0,9.0,563.0,5.0,1274,374.0
591.0,8.0,51.0,11.0,543,69.0
852.0,8.0,324.0,7.0,1890,240.0
1070.0,8.0,797.0,11.0,1594,478.0
1315.0,7.0,338.0,4.0,562,232.0
1280.0,8.0,26.0,8.0,572,78.0
862.0,6.0,292.0,12.0,2704,237.0
1056.0,2.0,952.0,4.0,179,514.0
1868.0,2.0,267.0,7.0,1162,215.0
1693.0,8.0,584.0,9.0,339,364.0
855.0,1.0,583.0,11.0,656,331.0
690.0,6.0,621.0,6.0,689,356.0
921.0,6.0,28.0,8.0,1460,82.0
1199.0,4.0,538.0,10.0,1984,352.0
506.0,10.0,846.0,4.0,2075,498.0
632.0,3.0,432.0,10.0,1403,268.0
1056.0,3.0,475.0,11.0,1239,299.0
1325.0,1.0,382.0,11.0,2416,280.0
1260.0,3.0,767.0,12.0,2039,467.0
1554.0,4.0,772.0,9.0,434,448.0
1034.0,5.0,976.0,9.0,411,536.0
925.0,3.0,90.0,5.0,1176,101.0
1917.0,6.0,560.0,6.0,2841,405.0
1171.0,5.0,557.0,7.0,133,325.0
862.0,3.0,433.0,7.0,1941,286.0
1960.0,6.0,438.0,11.0,485,299.0
581.0,6.0,397.0,4.0,348,233.0
855.0,8.0,930.0,7.0,1234,530.0
1781.0,2.0,718.0,7.0,1533,446.0
1088.0,1.0,679.0,4.0,1302,399.0
794.0,4.0,213.0,6.0,893,155.0
1747.0,7.0,205.0,8.0,951,187.0
1569.0,10.0,737.0,9.0,475,444.0
1636.0,3.0,294.0,12.0,823,218.0
1756.0,3.0,978.0,12.0,1710,581.0
516.0,5.0,205.0,12.0,2013,167.0
859.0,5.0,316.0,4.0,301,198.0
1746.0,10.0,673.0,12.0,2592,460.0
1365.0,3.0,23.0,11.0,2042,98.0
1199.0,9.0,846.0,5.0,2444,524.0
947.0,4.0,155.0,4.0,1431,141.0
1355.0,3.0,947.0,4.0,592,530.0
864.0,2.0,66.0,9.0,437,71.0
1174.0,10.0,732.0,12.0,2068,462.0
1507.0,9.0,789.0,10.0,1965,496.0
1849.0,4.0,219.0,8.0,891,190.0
966.0,3.0,538.0,5.0,1616,335.0
913.0,7.0,807.0,4.0,2122,486.0
1978.0,8.0,353.0,5.0,2464,300.0
1085.0,2.0,724.0,4.0,1041,418.0
1756.0,7.0,620.0,6.0,2773,431.0
1747.0,5.0,288.0,9.0,2222,250.0
1493.0,5.0,218.0,11.0,158,166.0
1935.0,3.0,650.0,6.0,2533,438.0
1071.0,5.0,344.0,12.0,2162,257.0
834.0,2.0,297.0,8.0,1354,203.0
1745.0,4.0,261.0,10.0,2346,237.0
536.0,6.0,274.0,11.0,1477,194.0
1488.0,1.0,280.0,6.0,134,188.0
777.0,10.0,933.0,5.0,261,514.0
1719.0,4.0,929.0,5.0,2946,581.0
1415.0,6.0,709.0,8.0,994,428.0
983.0,9.0,428.0,4.0,570,271.0
1765.0,2.0,735.0,5.0,2678,477.0
1847.0,7.0,804.0,12.0,2939,529.0
1230.0,6.0,220.0,10.0,2999,218.0
691.0,2.0,374.0,9.0,1546,242.0
1540.0,8.0,85.0,12.0,447,113.0
1023.0,7.0,669.0,10.0,793,394.0
1417.0,5.0,330.0,8.0,1034,237.0
900.0,5.0,734.0,12.0,1012,423.0
1385.0,7.0,442.0,9.0,246,280.0
1204.0,9.0,118.0,9.0,1811,148.0
521.0,9.0,650.0,7.0,774,373.0
973.0,9.0,531.0,4.0,1539,342.0
1643.0,6.0,56.0,8.0,2834,145.0
709.0,10.0,388.0,12.0,1617,267.0
805.0,6.0,836.0,11.0,1379,481.0
1793.0,3.0,105.0,11.0,785,127.0
1203.0,1.0,967.0,8.0,1226,545.0
1186.0,7.0,112.0,12.0,220,109.0
784.0,4.0,901.0,6.0,2566,532.0
1215.0,1.0,863.0,6.0,2497,518.0
1262.0,8.0,155.0,4.0,141,133.0
1750.0,6.0,889.0,12.0,128,511.0
1447.0,6.0,951.0,9.0,1065,551.0
880.0,2.0,937.0,5.0,2015,538.0
959.0,1.0,36.0,11.0,2932,107.0
1530.0,2.0,741.0,12.0,2100,462.0
528.0,4.0,539.0,12.0,2161,336.0
1406.0,2.0,688.0,5.0,1019,409.0
1556.0,1.0,954.0,5.0,917,543.0
1378.0,7.0,998.0,10.0,2972,613.0
578.0,8.0,91.0,7.0,1608,110.0
1446.0,6.0,437.0,4.0,1312,299.0
958.0,4.0,593.0,11.0,971,352.0
1069.0,6.0,831.0,5.0,394,466.0
1953.0,3.0,488.0,6.0,963,326.0
1237.0,8.0,775.0,8.0,2695,493.0
1808.0,10.0,171.0,6.0,1137,181.0
1015.0,2.0,848.0,10.0,2782,513.0
1622.0,5.0,941.0,10.0,694,542.0
896.0,1.0,411.0,5.0,1282,259.0
538.0,6.0,517.0,10.0,1617,318.0
1794.0,2.0,47.0,9.0,1452,109.0
1386.0,4.0,964.0,12.0,713,545.0
1296.0,6.0,520.0,12.0,1972,350.0
656.0,10.0,402.0,5.0,1703,273.0
1598.0,8.0,722.0,10.0,1683,458.0
1383.0,8.0,503.0,8.0,1692,342.0
1653.0,6.0,209.0,9.0,1255,190.0
1473.0,4.0,264.0,4.0,564,194.0
1607.0,8.0,188.0,10.0,1579,189.0
1545.0,8.0,556.0,9.0,1390,367.0
1982.0,10.0,603.0,7.0,2946,439.0
1348.0,1.0,398.0,4.0,2542,291.0
1905.0,4.0,407.0,12.0,2393,316.0
1247.0,4.0,741.0,7.0,667,428.0
1963.0,7.0,167.0,5.0,137,158.0
1488.0,7.0,13.0,11.0,344,71.0
520.0,8.0,176.0,5.0,120,120.0
802.0,5.0,477.0,8.0,1233,296.0
1368.0,7.0,969.0,9.0,1729,573.0
583.0,8.0,418.0,11.0,493,251.0
1976.0,9.0,421.0,4.0,1533,317.0
1910.0,3.0,213.0,4.0,1086,190.0
1780.0,3.0,203.0,7.0,1771,195.0
1069.0,4.0,244.0,8.0,2155,204.0
1433.0,5.0,727.0,12.0,2475,465.0
1685.0,10.0,159.0,10.0,2010,189.0
1686.0,1.0,168.0,10.0,389,143.0
1508.0,7.0,288.0,11.0,1886,240.0
1292.0,9.0,825.0,8.0,2658,521.0
1291.0,8.0,413.0,8.0,1011,280.0
1794.0,5.0,902.0,4.0,460,522.0
991.0,4.0,687.0,12.0,1722,415.0
707.0,7.0,320.0,9.0,2863,251.0
1583.0,5.0,77.0,12.0,318,102.0
929.0,7.0,472.0,6.0,2553,328.0
1484.0,1.0,97.0,8.0,2115,136.0
1832.0,1.0,226.0,5.0,2140,211.0
1019.0,10.0,10.0,8.0,2144,97.0
1090.0,3.0,144.0,11.0,2900,168.0
1550.0,2.0,706.0,5.0,931,421.0
698.0,2.0,360.0,11.0,1893,242.0
886.0,7.0,149.0,7.0,1891,152.0
848.0,10.0,627.0,4.0,2941,416.0
1459.0,2.0,142.0,8.0,1343,144.0
1192.0,4.0,629.0,4.0,694,371.0
877.0,2.0,187.0,10.0,2254,168.0
1398.0,6.0,819.0,11.0,680,476.0
1415.0,8.0,367.0,6.0,2756,296.0
1026.0,10.0,389.0,6.0,1847,281.0
1676.0,4.0,917.0,10.0,2155,559.0
1233.0,5.0,880.0,7.0,2953,545.0
705.0,4.0,667.0,6.0,2336,408.0
954.0,3.0,459.0,11.0,180,267.0
1796.0,5.0,595.0,6.0,2255,405.0
1759.0,9.0,472.0,10.0,1444,335.0
1020.0,8.0,999.0,5.0,1702,579.0
1516.0,8.0,117.0,4.0,2833,175.0
1455.0,8.0,131.0,9.0,445,133.0
1225.0,8.0,26.0,11.0,1986,105.0
1513.0,7.0,205.0,4.0,2475,210.0
1000.0,8.0,336.0,12.0,654,226.0
616.0,8.0,327.0,6.0,401,205.0
885.0,8.0,818.0,6.0,299,456.0
1867.0,10.0,488.0,7.0,1162,342.0
1083.0,7.0,261.0,4.0,406,184.0
894.0,1.0,512.0,12.0,1756,319.0
1587.0,4.0,128.0,6.0,1971,158.0
1220.0,4.0,683.0,7.0,2615,437.0
571.0,5.0,719.0,4.0,2326,432.0
773.0,10.0,507.0,7.0,2792,351.0
1843.0,6.0,495.0,4.0,1946,352.0
837.0,4.0,54.0,8.0,1864,96.0
1889.0,2.0,323.0,8.0,375,228.0
1106.0,6.0,188.0,10.0,1275,164.0
665.0,8.0,903.0,11.0,1501,517.0
510.0,8.0,427.0,7.0,2768,299.0
1824.0,7.0,565.0,10.0,737,365.0
1228.0,6.0,792.0,7.0,1875,481.0
1300.0,2.0,87.0,6.0,1029,106.0
601.0,7.0,335.0,9.0,1980,238.0
1948.0,5.0,699.0,7.0,282,422.0
1915.0,6.0,366.0,6.0,1944,290.0
1278.0,10.0,425.0,12.0,171,273.0
713.0,8.0,972.0,8.0,2866,580.0
1611.0,8.0,524.0,10.0,1776,361.0
900.0,3.0,223.0,9.0,1395,171.0
1087.0,7.0,863.0,8.0,2873,534.0
1388.0,1.0,83.0,10.0,2416,132.0
1569.0,1.0,572.0,9.0,1143,357.0
1986.0,7.0,588.0,5.0,2725,421.0
1091.0,10.0,518.0,6.0,914,329.0
1833.0,9.0,341.0,5.0,1626,275.0
1609.0,7.0,102.0,6.0,2294,158.0
591.0,10.0,697.0,4.0,409,393.0
1172.0,5.0,666.0,11.0,2665,431.0
1213.0,8.0,528.0,9.0,2161,359.0
1435.0,2.0,278.0,5.0,231,189.0
741.0,9.0,385.0,11.0,1977,271.0
501.0,6.0,843.0,9.0,2902,505.0
724.0,9.0,13.0,10.0,2586,97.0
1300.0,2.0,147.0,4.0,2890,173.0
1088.0,3.0,240.0,10.0,839,174.0
615.0,8.0,609.0,6.0,894,355.0
1417.0,1.0,538.0,11.0,2410,361.0
1626.0,10.0,61.0,9.0,2790,154.0
693.0,7.0,655.0,7.0,357,368.0
1689.0,7.0,732.0,11.0,1357,457.0
1370.0,1.0,334.0,12.0,2556,260.0
589.0,9.0,979.0,5.0,1951,563.0
621.0,8.0,914.0,9.0,1074,512.0
642.0,4.0,740.0,8.0,1147,419.0
1493.0,10.0,726.0,8.0,370,434.0
605.0,5.0,732.0,6.0,1218,417.0
1386.0,2.0,286.0,11.0,241,192.0
927.0,9.0,545.0,11.0,1001,337.0
1828.0,6.0,495.0,8.0,373,321.0
816.0,3.0,525.0,11.0,2423,341.0
1134.0,7.0,161.0,11.0,564,139.0
508.0,9.0,964.0,6.0,1331,540.0
1273.0,3.0,492.0,5.0,1419,317.0
1596.0,2.0,268.0,12.0,387,193.0
1882.0,7.0,333.0,5.0,975,255.0
722.0,7.0,878.0,12.0,2092,516.0
1939.0,4.0,177.0,7.0,2327,200.0
1052.0,9.0,697.0,5.0,1220,421.0
1893.0,8.0,319.0,4.0,1314,257.0
1215.0,1.0,812.0,7.0,546,454.0
1787.0,1.0,488.0,12.0,2932,357.0
1841.0,5.0,65.0,12.0,2708,151.0
1607.0,6.0,629.0,7.0,2631,426.0
1841.0,3.0,482.0,12.0,2996,361.0
610.0,9.0,305.0,9.0,821,204.0
750.0,10.0,470.0,4.0,2263,321.0
882.0,6.0,333.0,9.0,2682,258.0
506.0,4.0,823.0,12.0,1451,463.0
958.0,7.0,855.0,5.0,506,479.0
1607.0,8.0,150.0,9.0,1825,175.0
707.0,9.0,676.0,5.0,793,392.0
1399.0,6.0,271.0,7.0,594,200.0
1913.0,6.0,794.0,11.0,1047,486.0
1837.0,8.0,429.0,10.0,122,287.0
521.0,5.0,753.0,12.0,1228,426.0
909.0,3.0,250.0,10.0,1798,193.0
1394.0,3.0,364.0,4.0,657,241.0
1014.0,6.0,858.0,5.0,1716,504.0
1650.0,2.0,779.0,9.0,1040,463.0
1308.0,6.0,770.0,10.0,1345,462.0
1373.0,6.0,598.0,6.0,1756,386.0
513.0,8.0,189.0,12.0,177,129.0
1470.0,7.0,75.0,10.0,1445,124.0
1477.0,8.0,829.0,9.0,906,492.0
1513.0,9.0,357.0,9.0,1141,264.0
1535.0,6.0,180.0,4.0,867,164.0
586.0,3.0,483.0,8.0,553,275.0
1408.0,10.0,543.0,6.0,2424,381.0
1824.0,3.0,376.0,10.0,1547,279.0
1766.0,1.0,116.0,6.0,1599,144.0
621.0,5.0,448.0,8.0,1150,274.0
1670.0,4.0,844.0,10.0,2661,532.0
1249.0,9.0,236.0,6.0,1988,212.0
1879.0,9.0,453.0,5.0,2611,352.0
1184.0,5.0,451.0,9.0,2954,329.0
808.0,10.0,405.0,11.0,2971,305.0
1194.0,4.0,737.0,7.0,462,420.0
787.0,7.0,590.0,12.0,2898,390.0
806.0,6.0,93.0,11.0,624,94.0
1413.0,4.0,624.0,10.0,1317,388.0
1161.0,10.0,560.0,10.0,1585,366.0
1048.0,2.0,22.0,6.0,2203,89.0
1875.0,1.0,818.0,9.0,1353,493.0
811.0,4.0,834.0,8.0,2636,501.0
1372.0,4.0,702.0,4.0,1955,438.0
1582.0,1.0,502.0,6.0,821,315.0
1423.0,6.0,277.0,4.0,2083,233.0
1254.0,4.0,534.0,7.0,1307,337.0
534.0,1.0,129.0,6.0,1548,112.0
944.0,1.0,979.0,7.0,1498,548.0
592.0,1.0,362.0,12.0,2188,244.0
1730.0,8.0,66.0,6.0,1607,132.0
852.0,10.0,49.0,9.0,1103,91.0
1402.0,8.0,895.0,9.0,2407,553.0
1855.0,2.0,345.0,10.0,2588,283.0
1361.0,7.0,649.0,12.0,1025,399.0
658.0,8.0,182.0,10.0,955,145.0
1456.0,8.0,556.0,4.0,183,340.0
523.0,10.0,268.0,11.0,2193,213.0
903.0,7.0,897.0,8.0,2587,540.0
1304.0,5.0,526.0,12.0,1642,344.0
1015.0,1.0,739.0,8.0,1085,422.0
1231.0,9.0,532.0,8.0,1968,359.0
1887.0,7.0,903.0,5.0,235,525.0
1905.0,2.0,848.0,6.0,1306,510.0
1031.0,6.0,126.0,12.0,1832,142.0
1455.0,2.0,193.0,10.0,1295,169.0
651.0,1.0,915.0,4.0,1008,498.0
1446.0,7.0,883.0,6.0,2935,556.0
1107.0,2.0,125.0,5.0,689,112.0
919.0,2.0,171.0,4.0,2051,156.0
1773.0,5.0,588.0,12.0,1055,377.0
1640.0,5.0,721.0,11.0,2837,476.0
1365.0,7.0,552.0,8.0,2686,383.0
1077.0,1.0,596.0,5.0,1243,356.0
834.0,8.0,246.0,4.0,1431,191.0
1941.0,3.0,848.0,10.0,2855,544.0
1431.0,4.0,75.0,5.0,1653,120.0
794.0,9.0,79.0,4.0,2442,129.0
1254.0,4.0,818.0,5.0,1906,491.0
1894.0,10.0,456.0,10.0,2200,348.0
685.0,5.0,425.0,10.0,905,260.0
1769.0,7.0,541.0,9.0,1555,368.0
1136.0,4.0,450.0,8.0,151,269.0
1791.0,1.0,747.0,6.0,2875,485.0
1760.0,9.0,955.0,6.0,171,550.0
1029.0,4.0,473.0,12.0,127,277.0
520.0,9.0,930.0,7.0,568,509.0
1410.0,6.0,405.0,12.0,863,273.0
1366.0,1.0,720.0,7.0,2694,456.0
1293.0,3.0,560.0,5.0,1524,354.0
599.0,2.0,666.0,7.0,2348,401.0
1251.0,9.0,566.0,9.0,919,356.0
977.0,1.0,404.0,9.0,1589,264.0
1821.0,9.0,335.0,8.0,1775,274.0
1439.0,9.0,902.0,4.0,659,524.0
1025.0,8.0,928.0,6.0,478,519.0
833.0,8.0,100.0,8.0,2018,130.0
501.0,1.0,759.0,9.0,1175,419.0
874.0,8.0,79.0,4.0,178,84.0
792.0,10.0,175.0,12.0,1508,161.0
1336.0,3.0,651.0,6.0,933,389.0
1504.0,7.0,223.0,6.0,1131,192.0
1052.0,1.0,861.0,5.0,2172,506.0
817.0,1.0,610.0,11.0,549,342.0
880.0,10.0,344.0,6.0,2915,275.0
513.0,5.0,773.0,9.0,2902,469.0
1003.0,5.0,378.0,5.0,2092,269.0
730.0,8.0,870.0,10.0,1584,504.0
1607.0,7.0,593.0,7.0,2345,404.0
629.0,8.0,686.0,12.0,1842,414.0
1337.0,6.0,58.0,12.0,2070,122.0
1668.0,6.0,61.0,10.0,2584,143.0
1390.0,2.0,298.0,11.0,1650,227.0
527.0,6.0,799.0,6.0,789,442.0
565.0,5.0,635.0,8.0,2090,385.0
1686.0,3.0,248.0,5.0,1501,209.0
1752.0,6.0,142.0,10.0,686,148.0
760.0,8.0,795.0,11.0,2251,480.0
1972.0,9.0,175.0,12.0,1929,202.0
1947.0,1.0,383.0,10.0,2085,293.0
959.0,3.0,382.0,11.0,726,239.0
800.0,3.0,814.0,12.0,2131,479.0
1418.0,8.0,487.0,9.0,2605,353.0
1826.0,1.0,764.0,5.0,463,447.0
786.0,5.0,488.0,5.0,2282,322.0
1918.0,3.0,841.0,7.0,473,492.0
1533.0,2.0,659.0,12.0,2186,422.0
1129.0,8.0,600.0,10.0,2087,391.0
769.0,3.0,691.0,5.0,2966,432.0
1091.0,7.0,644.0,11.0,2194,412.0
1343.0,1.0,697.0,10.0,2183,433.0
1361.0,6.0,309.0,12.0,2242,251.0
1884.0,3.0,91.0,11.0,1484,137.0
1780.0,8.0,96.0,6.0,1648,149.0
632.0,6.0,234.0,4.0,1269,172.0
1799.0,2.0,25.0,5.0,2040,110.0
1471.0,6.0,831.0,5.0,467,479.0
1012.0,7.0,367.0,7.0,164,230.0
812.0,5.0,172.0,9.0,853,136.0
1075.0,3.0,619.0,7.0,1643,379.0
1385.0,4.0,677.0,12.0,2135,430.0
1807.0,4.0,523.0,7.0,2963,382.0
1644.0,6.0,359.0,9.0,1976,279.0
1630.0,10.0,918.0,9.0,1678,560.0
1186.0,1.0,690.0,4.0,855,398.0
1727.0,4.0,473.0,11.0,2328,342.0
664.0,10.0,836.0,6.0,1624,489.0
804.0,4.0,846.0,9.0,696,468.0
655.0,10.0,384.0,6.0,2934,289.0
1890.0,1.0,101.0,5.0,2774,163.0
1119.0,9.0,190.0,8.0,1934,184.0
1774.0,4.0,752.0,4.0,2763,491.0
1456.0,7.0,310.0,12.0,1495,242.0
833.0,3.0,669.0,10.0,1686,398.0
1468.0,10.0,801.0,6.0,211,467.0
1010.0,3.0,198.0,7.0,552,145.0
1816.0,8.0,868.0,9.0,2903,561.0
1543.0,8.0,871.0,6.0,2731,551.0
781.0,1.0,323.0,10.0,2286,232.0
1296.0,10.0,502.0,9.0,1971,348.0
1524.0,2.0,932.0,12.0,2378,562.0
618.0,8.0,931.0,8.0,1362,526.0
1558.0,1.0,137.0,7.0,352,123.0
697.0,8.0,528.0,6.0,2104,342.0
984.0,8.0,435.0,4.0,1559,293.0
1582.0,2.0,568.0,6.0,2042,375.0
1336.0,4.0,574.0,6.0,2708,388.0
1684.0,6.0,196.0,10.0,1426,188.0
1508.0,9.0,559.0,10.0,2219,386.0
1190.0,8.0,462.0,4.0,1957,320.0
1729.0,8.0,480.0,6.0,2369,354.0
1535.0,7.0,997.0,11.0,1200,582.0
989.0,9.0,747.0,12.0,161,424.0
775.0,2.0,574.0,10.0,1594,345.0
1192.0,3.0,920.0,10.0,1280,526.0
741.0,10.0,233.0,11.0,905,176.0
1739.0,8.0,163.0,9.0,2272,194.0
1774.0,6.0,569.0,6.0,2888,406.0
625.0,10.0,360.0,4.0,1975,257.0
716.0,9.0,156.0,10.0,2308,163.0
1829.0,10.0,914.0,4.0,640,543.0
1708.0,4.0,585.0,4.0,725,365.0
1562.0,8.0,358.0,12.0,1714,275.0
1746.0,10.0,191.0,10.0,205,171.0
1707.0,3.0,646.0,7.0,1254,404.0
994.0,3.0,188.0,9.0,1808,165.0
926.0,8.0,48.0,4.0,2923,125.0
1701.0,5.0,781.0,10.0,2008,491.0
1418.0,3.0,903.0,9.0,2149,542.0
1951.0,10.0,12.0,7.0,2380,131.0
1817.0,1.0,73.0,10.0,468,101.0
650.0,3.0,38.0,6.0,1374,71.0
883.0,9.0,381.0,4.0,1045,254.0
807.0,5.0,532.0,7.0,2327,345.0
1859.0,10.0,106.0,6.0,392,135.0
1245.0,2.0,879.0,4.0,683,493.0
1391.0,7.0,451.0,5.0,2942,339.0
874.0,2.0,212.0,8.0,2322,181.0
1531.0,4.0,420.0,11.0,2270,308.0
1864.0,7.0,30.0,4.0,2374,131.0
628.0,4.0,560.0,7.0,2591,357.0
1514.0,7.0,744.0,7.0,2575,482.0
1168.0,7.0,111.0,8.0,864,121.0
1875.0,1.0,55.0,10.0,2779,140.0
1881.0,6.0,75.0,11.0,2212,149.0
1016.0,9.0,612.0,9.0,1404,381.0
585.0,2.0,173.0,4.0,1514,137.0
1698.0,3.0,980.0,10.0,527,556.0
1716.0,10.0,120.0,6.0,2765,185.0
810.0,5.0,347.0,9.0,2114,249.0
1642.0,9.0,132.0,11.0,2959,192.0
1741.0,4.0,714.0,10.0,206,420.0
926.0,1.0,456.0,9.0,758,272.0
1937.0,4.0,620.0,12.0,1282,401.0
613.0,6.0,300.0,12.0,2412,228.0
1668.0,5.0,680.0,4.0,1325,425.0
802.0,1.0,421.0,4.0,254,240.0
1243.0,4.0,624.0,4.0,995,376.0
1087.0,6.0,906.0,11.0,1621,529.0
1486.0,10.0,290.0,10.0,1720,243.0
844.0,10.0,52.0,6.0,1092,92.0
1313.0,4.0,495.0,5.0,2392,341.0
1300.0,9.0,605.0,7.0,1423,387.0
1524.0,5.0,972.0,6.0,1485,570.0
1670.0,8.0,712.0,10.0,2533,472.0
1810.0,9.0,60.0,11.0,2906,160.0
1576.0,10.0,907.0,9.0,2561,571.0
1827.0,5.0,219.0,6.0,1401,201.0
1592.0,6.0,135.0,9.0,2862,183.0
860.0,1.0,501.0,5.0,858,294.0
1743.0,7.0,518.0,10.0,846,341.0
1509.0,4.0,969.0,10.0,692,551.0
1203.0,2.0,979.0,7.0,1648,561.0
1074.0,5.0,590.0,11.0,2986,396.0
1684.0,3.0,786.0,7.0,115,451.0
1612.0,6.0,267.0,10.0,1092,215.0
1187.0,8.0,939.0,7.0,1168,543.0
1280.0,7.0,197.0,8.0,1444,179.0
1084.0,3.0,239.0,10.0,2798,213.0
1088.0,8.0,198.0,6.0,2295,192.0
1682.0,2.0,424.0,8.0,2502,315.0
988.0,10.0,19.0,6.0,802,74.0
1470.0,9.0,123.0,8.0,712,137.0
1847.0,4.0,85.0,6.0,204,109.0
1904.0,1.0,685.0,10.0,1597,433.0
1625.0,8.0,511.0,4.0,495,329.0
993.0,7.0,94.0,12.0,2753,145.0
518.0,5.0,58.0,12.0,2110,96.0
1977.0,10.0,504.0,8.0,950,349.0
896.0,5.0,847.0,12.0,2088,501.0
1500.0,7.0,698.0,9.0,541,418.0
1802.0,5.0,396.0,8.0,1768,296.0
1350.0,8.0,979.0,6.0,972,564.0
1888.0,6.0,398.0,11.0,766,282.0
1854.0,5.0,227.0,7.0,1151,201.0
1867.0,9.0,710.0,6.0,2941,486.0
1321.0,2.0,990.0,9.0,2622,590.0
954.0,1.0,355.0,11.0,727,222.0
1224.0,8.0,239.0,12.0,1528,202.0
1588.0,3.0,264.0,9.0,2649,238.0
1599.0,7.0,245.0,8.0,447,192.0
1210.0,10.0,35.0,5.0,1363,100.0
642.0,8.0,593.0,5.0,1117,353.0
1416.0,6.0,270.0,12.0,669,202.0
1327.0,10.0,775.0,5.0,2842,503.0
1104.0,9.0,280.0,5.0,2173,233.0
1996.0,7.0,132.0,6.0,2052,180.0
1940.0,10.0,665.0,6.0,2364,457.0
804.0,5.0,266.0,7.0,1451,195.0
1235.0,8.0,665.0,10.0,2984,444.0
790.0,2.0,430.0,12.0,2921,300.0
601.0,7.0,268.0,5.0,769,180.0
1790.0,4.0,957.0,7.0,817,555.0
1366.0,9.0,56.0,12.0,2457,135.0
1467.0,1.0,872.0,5.0,2746,535.0
1473.0,7.0,534.0,4.0,366,331.0
1341.0,6.0,897.0,11.0,1538,531.0
1461.0,8.0,217.0,12.0,2793,223.0
1441.0,5.0,320.0,10.0,1456,241.0
1526.0,1.0,756.0,11.0,1122,447.0
584.0,1.0,158.0,7.0,2137,140.0
827.0,9.0,843.0,7.0,2597,515.0
1315.0,10.0,447.0,5.0,664,295.0
1973.0,6.0,164.0,11.0,1370,180.0
953.0,10.0,687.0,5.0,1159,414.0
1128.0,5.0,99.0,12.0,1524,123.0
1744.0,1.0,707.0,7.0,127,409.0
1677.0,6.0,839.0,4.0,319,487.0
1164.0,6.0,367.0,7.0,505,239.0
511.0,3.0,183.0,6.0,1737,146.0
1656.0,8.0,226.0,9.0,1898,216.0
803.0,1.0,916.0,10.0,2418,531.0
1816.0,1.0,465.0,11.0,1859,325.0
1474.0,6.0,785.0,5.0,1774,483.0
1823.0,10.0,618.0,9.0,891,400.0
1282.0,1.0,638.0,9.0,1062,380.0
542.0,6.0,208.0,8.0,1409,159.0
1443.0,1.0,841.0,10.0,933,483.0
842.0,6.0,495.0,6.0,416,292.0
1849.0,3.0,542.0,7.0,1420,360.0
997.0,8.0,209.0,12.0,2485,199.0
863.0,6.0,380.0,7.0,1430,255.0
1390.0,1.0,968.0,6.0,450,535.0
926.0,5.0,862.0,5.0,610,479.0
1504.0,8.0,457.0,8.0,2672,342.0
520.0,3.0,257.0,7.0,591,161.0
906.0,6.0,797.0,11.0,2031,477.0
1118.0,5.0,273.0,10.0,1717,213.0
1514.0,6.0,67.0,9.0,2156,133.0
835.0,10.0,311.0,5.0,1620,231.0
1640.0,1.0,40.0,6.0,1683,103.0
1647.0,7.0,507.0,12.0,2708,370.0
898.0,9.0,258.0,12.0,2587,225.0
1292.0,2.0,614.0,8.0,1675,382.0
1214.0,10.0,786.0,6.0,2939,507.0
550.0,5.0,280.0,5.0,1861,202.0
823.0,10.0,615.0,11.0,2091,393.0
1288.0,4.0,675.0,9.0,1368,410.0
640.0,6.0,403.0,10.0,2180,275.0
969.0,6.0,806.0,4.0,1146,465.0
1286.0,2.0,511.0,4.0,2992,356.0
1857.0,2.0,601.0,5.0,2713,413.0
1463.0,4.0,813.0,6.0,148,460.0
1507.0,1.0,93.0,4.0,561,103.0
872.0,9.0,374.0,8.0,2737,285.0
993.0,7.0,895.0,6.0,435,499.0
1250.0,7.0,558.0,4.0,1481,359.0
1679.0,3.0,351.0,11.0,1245,256.0
790.0,3.0,848.0,9.0,458,462.0
1667.0,1.0,416.0,12.0,2493,309.0
605.0,3.0,434.0,6.0,292,246.0
1943.0,3.0,753.0,12.0,1539,471.0
1169.0,4.0,102.0,12.0,1500,123.0
501.0,4.0,857.0,4.0,855,467.0
1088.0,3.0,623.0,6.0,1784,384.0
1143.0,10.0,421.0,9.0,2625,316.0
589.0,8.0,441.0,11.0,927,272.0
1868.0,8.0,687.0,7.0,989,434.0
849.0,1.0,168.0,8.0,752,125.0
1982.0,7.0,23.0,12.0,2555,135.0
1786.0,2.0,382.0,9.0,2433,296.0
1874.0,1.0,234.0,10.0,2021,215.0
1631.0,3.0,514.0,10.0,950,330.0
1562.0,4.0,82.0,7.0,210,99.0
1408.0,6.0,258.0,7.0,719,196.0
658.0,10.0,520.0,7.0,892,316.0
1458.0,5.0,612.0,8.0,2197,402.0
811.0,4.0,225.0,8.0,1257,169.0
1764.0,8.0,982.0,11.0,687,573.0
944.0,4.0,611.0,12.0,2743,396.0
797.0,10.0,550.0,5.0,2817,374.0
1451.0,2.0,956.0,10.0,1409,553.0
535.0,3.0,826.0,4.0,2057,475.0
1607.0,6.0,948.0,4.0,2461,582.0
1975.0,8.0,997.0,7.0,2753,628.0
1908.0,8.0,229.0,10.0,396,195.0
1695.0,9.0,849.0,5.0,1729,526.0
1899.0,7.0,736.0,5.0,668,451.0
1885.0,2.0,230.0,4.0,1287,200.0
1058.0,8.0,398.0,5.0,931,264.0
1390.0,7.0,563.0,10.0,709,350.0
640.0,8.0,656.0,12.0,115,365.0
1386.0,3.0,51.0,9.0,1469,101.0
1641.0,7.0,685.0,5.0,171,408.0
1800.0,10.0,882.0,12.0,369,522.0
1225.0,9.0,292.0,10.0,386,207.0
1743.0,3.0,67.0,4.0,165,93.0
1549.0,10.0,823.0,12.0,979,497.0
1020.0,6.0,843.0,5.0,167,466.0
509.0,2.0,546.0,7.0,1316,317.0
1483.0,2.0,82.0,12.0,1502,119.0
877.0,5.0,894.0,7.0,1073,503.0
1181.0,5.0,932.0,6.0,607,522.0
1083.0,7.0,138.0,4.0,2984,174.0
651.0,2.0,608.0,10.0,1225,351.0
1219.0,7.0,851.0,9.0,985,495.0
1572.0,5.0,435.0,7.0,2941,332.0
1677.0,6.0,957.0,9.0,2569,591.0
1358.0,8.0,674.0,9.0,2087,434.0
1816.0,10.0,703.0,7.0,874,442.0
549.0,4.0,134.0,9.0,2625,143.0
1163.0,7.0,76.0,11.0,1025,106.0
1030.0,6.0,15.0,6.0,219,53.0
1583.0,10.0,646.0,7.0,2038,430.0
1690.0,2.0,323.0,4.0,587,226.0
1725.0,8.0,335.0,7.0,2225,278.0
1356.0,10.0,574.0,12.0,540,358.0
645.0,9.0,587.0,11.0,561,341.0
1414.0,5.0,835.0,7.0,711,483.0
1492.0,10.0,515.0,10.0,1417,350.0
1962.0,4.0,91.0,6.0,1759,146.0
741.0,6.0,608.0,12.0,1016,358.0
1080.0,8.0,11.0,7.0,2756,108.0
1186.0,3.0,213.0,5.0,105,149.0
982.0,10.0,671.0,8.0,780,399.0
1631.0,1.0,814.0,5.0,2418,505.0
1749.0,4.0,413.0,9.0,1743,301.0
1172.0,4.0,112.0,4.0,2958,157.0
1130.0,1.0,545.0,9.0,2706,361.0
1160.0,9.0,377.0,7.0,198,244.0
1161.0,3.0,221.0,6.0,625,162.0
1955.0,5.0,586.0,5.0,2341,407.0
1304.0,6.0,970.0,10.0,1280,561.0
918.0,8.0,218.0,12.0,1789,188.0
1487.0,6.0,772.0,6.0,1238,466.0
1978.0,3.0,906.0,9.0,495,527.0
1683.0,6.0,126.0,12.0,869,142.0
1149.0,1.0,637.0,5.0,1926,392.0
1468.0,4.0,758.0,10.0,1645,463.0
1089.0,6.0,487.0,8.0,2892,345.0
1600.0,7.0,114.0,8.0,782,133.0
1008.0,10.0,504.0,10.0,1656,334.0
940.0,3.0,780.0,12.0,114,426.0
1777.0,9.0,55.0,7.0,2515,148.0
1420.0,7.0,832.0,12.0,2785,528.0
1269.0,1.0,340.0,12.0,3000,269.0
1843.0,2.0,225.0,7.0,1336,197.0
762.0,1.0,991.0,6.0,2847,576.0
1897.0,9.0,969.0,5.0,104,560.0
1136.0,9.0,501.0,12.0,2378,349.0
1690.0,7.0,822.0,5.0,2008,514.0
958.0,10.0,931.0,9.0,1525,544.0
1498.0,3.0,854.0,8.0,1707,511.0
1803.0,5.0,458.0,8.0,2733,347.0
1199.0,4.0,545.0,7.0,268,321.0
801.0,7.0,520.0,9.0,2908,355.0
1741.0,9.0,467.0,8.0,891,320.0
1625.0,2.0,556.0,7.0,1099,351.0
1053.0,8.0,545.0,12.0,251,324.0
787.0,9.0,549.0,9.0,2371,362.0
1690.0,10.0,493.0,6.0,603,328.0
1120.0,10.0,985.0,9.0,1673,578.0
1505.0,9.0,25.0,4.0,2191,118.0
535.0,10.0,580.0,8.0,2844,382.0
1243.0,7.0,986.0,9.0,603,555.0
852.0,9.0,252.0,11.0,942,188.0
572.0,9.0,959.0,12.0,450,523.0
1147.0,3.0,216.0,6.0,2170,190.0
1876.0,4.0,921.0,5.0,1759,558.0
1593.0,2.0,280.0,7.0,697,204.0
924.0,10.0,770.0,11.0,1166,455.0
1498.0,3.0,788.0,11.0,2613,496.0
1207.0,5.0,714.0,6.0,139,405.0
1060.0,5.0,856.0,7.0,2450,518.0
1327.0,6.0,739.0,6.0,274,425.0
1455.0,7.0,124.0,5.0,1098,140.0
1016.0,7.0,589.0,7.0,1584,369.0
927.0,1.0,308.0,9.0,2768,238.0
659.0,2.0,846.0,8.0,1316,472.0
648.0,9.0,492.0,6.0,2391,330.0
1275.0,10.0,406.0,5.0,935,278.0
1753.0,2.0,403.0,12.0,2427,306.0
566.0,6.0,84.0,4.0,1159,93.0
1513.0,1.0,987.0,12.0,2704,594.0
880.0,3.0,491.0,4.0,997,296.0
557.0,2.0,112.0,10.0,1663,109.0
1782.0,3.0,306.0,9.0,1146,234.0
841.0,5.0,187.0,10.0,2866,185.0
1653.0,10.0,224.0,6.0,1031,201.0
1226.0,6.0,976.0,6.0,2238,580.0
1695.0,9.0,324.0,4.0,2537,280.0
1269.0,10.0,48.0,7.0,2697,135.0
1113.0,4.0,268.0,5.0,1351,201.0
1732.0,7.0,725.0,11.0,1325,454.0
853.0,6.0,16.0,6.0,1473,74.0
1994.0,2.0,58.0,10.0,1161,115.0
615.0,10.0,547.0,10.0,2880,369.0
1787.0,8.0,170.0,12.0,599,166.0
1161.0,7.0,878.0,9.0,1822,523.0
1965.0,7.0,185.0,4.0,2664,217.0
952.0,8.0,600.0,11.0,2215,388.0
2000.0,1.0,11.0,4.0,1863,103.0
786.0,1.0,904.0,6.0,2270,522.0
1826.0,8.0,464.0,8.0,1808,338.0
1516.0,4.0,937.0,11.0,435,530.0
810.0,5.0,653.0,12.0,1276,386.0
707.0,8.0,285.0,10.0,878,196.0
1117.0,5.0,507.0,12.0,1285,322.0
945.0,10.0,638.0,6.0,2033,407.0
1169.0,4.0,685.0,8.0,1566,416.0
1132.0,6.0,809.0,11.0,2570,501.0
554.0,5.0,37.0,4.0,1661,77.0
1411.0,7.0,342.0,11.0,1038,247.0
1535.0,10.0,10.0,10.0,903,88.0
1156.0,7.0,197.0,4.0,2035,186.0
1923.0,4.0,65.0,9.0,733,112.0
1479.0,5.0,556.0,4.0,1353,358.0
1014.0,3.0,121.0,5.0,1182,119.0
736.0,4.0,807.0,8.0,2243,477.0
1802.0,4.0,319.0,5.0,1385,248.0
847.0,3.0,45.0,4.0,453,61.0
1126.0,10.0,448.0,9.0,1259,302.0
1627.0,5.0,738.0,11.0,1985,467.0
1129.0,5.0,601.0,11.0,1918,382.0
1771.0,7.0,835.0,11.0,1066,505.0
863.0,4.0,604.0,9.0,2620,387.0
820.0,4.0,586.0,6.0,2577,376.0
785.0,9.0,334.0,4.0,2684,261.0
648.0,6.0,649.0,5.0,1269,380.0
1607.0,4.0,316.0,8.0,1647,246.0
905.0,2.0,543.0,8.0,2234,346.0
1477.0,6.0,737.0,4.0,208,427.0
955.0,2.0,628.0,4.0,1468,374.0
1299.0,5.0,118.0,12.0,1857,144.0
1684.0,6.0,381.0,5.0,1093,273.0
1512.0,4.0,366.0,10.0,1617,268.0
1283.0,3.0,190.0,7.0,1456,167.0
959.0,7.0,365.0,10.0,921,243.0
1237.0,2.0,685.0,11.0,1036,403.0
1008.0,6.0,77.0,8.0,2796,135.0
980.0,4.0,301.0,4.0,290,192.0
613.0,6.0,701.0,7.0,2096,422.0
1248.0,4.0,190.0,6.0,1032,160.0
860.0,4.0,475.0,8.0,241,275.0
840.0,4.0,443.0,9.0,1992,293.0
1269.0,9.0,473.0,5.0,2987,351.0
1260.0,7.0,690.0,10.0,2315,442.0
1468.0,3.0,923.0,6.0,665,523.0
948.0,3.0,543.0,4.0,1382,332.0
1334.0,6.0,75.0,6.0,1562,119.0
1703.0,6.0,30.0,12.0,1234,102.0
1930.0,4.0,621.0,9.0,843,392.0
1719.0,9.0,393.0,9.0,772,280.0
1989.0,4.0,821.0,7.0,2986,537.0
810.0,9.0,624.0,11.0,630,366.0
761.0,4.0,568.0,8.0,1413,342.0
1942.0,2.0,48.0,10.0,661,98.0
905.0,2.0,294.0,12.0,1633,210.0
642.0,5.0,831.0,8.0,2322,490.0
841.0,4.0,611.0,8.0,401,346.0
1839.0,7.0,606.0,7.0,284,377.0
1624.0,5.0,794.0,9.0,609,467.0
743.0,6.0,345.0,5.0,2966,265.0
989.0,10.0,197.0,6.0,1433,175.0
511.0,4.0,680.0,4.0,1469,391.0
1762.0,2.0,252.0,5.0,2303,227.0
1060.0,10.0,82.0,5.0,2934,150.0
541.0,9.0,488.0,11.0,894,295.0
1177.0,10.0,983.0,11.0,2579,597.0
1093.0,7.0,570.0,5.0,1623,363.0
1952.0,4.0,110.0,9.0,860,138.0
1681.0,3.0,523.0,8.0,2294,363.0
1739.0,10.0,765.0,6.0,2628,506.0
1985.0,3.0,185.0,8.0,534,168.0
633.0,9.0,247.0,8.0,1642,192.0
1590.0,5.0,919.0,8.0,2138,559.0
1530.0,3.0,68.0,6.0,1806,121.0
1447.0,5.0,874.0,6.0,168,492.0
572.0,2.0,108.0,7.0,1729,108.0
898.0,4.0,963.0,10.0,2004,556.0
1928.0,10.0,880.0,5.0,2333,563.0
1077.0,2.0,963.0,7.0,2829,573.0
1358.0,2.0,504.0,7.0,2351,342.0
629.0,8.0,956.0,4.0,653,524.0
1430.0,1.0,989.0,11.0,2160,582.0
1989.0,7.0,523.0,4.0,2813,390.0
1729.0,5.0,764.0,11.0,1397,471.0
765.0,8.0,306.0,10.0,2198,235.0
1292.0,1.0,220.0,12.0,599,162.0
752.0,7.0,132.0,11.0,2516,152.0
1321.0,5.0,238.0,8.0,2871,225.0
1812.0,4.0,603.0,11.0,2504,413.0
663.0,7.0,665.0,6.0,2994,425.0
594.0,10.0,397.0,10.0,1629,268.0
1332.0,2.0,149.0,7.0,2403,165.0
1633.0,1.0,550.0,8.0,1611,357.0
835.0,1.0,400.0,12.0,378,234.0
1321.0,1.0,279.0,10.0,1182,204.0
737.0,5.0,768.0,7.0,545,426.0
880.0,10.0,21.0,9.0,2260,101.0
1959.0,7.0,876.0,10.0,935,528.0
1398.0,2.0,398.0,12.0,854,261.0
982.0,10.0,346.0,7.0,1945,260.0
1401.0,8.0,515.0,6.0,1692,348.0
1548.0,4.0,115.0,11.0,1612,143.0
1640.0,3.0,41.0,4.0,1530,105.0
981.0,10.0,83.0,12.0,2514,140.0
1915.0,8.0,180.0,4.0,1183,186.0
1416.0,2.0,858.0,5.0,2476,524.0
1493.0,3.0,78.0,11.0,2875,146.0
1463.0,3.0,822.0,12.0,1690,494.0
1036.0,10.0,371.0,10.0,2008,276.0
1602.0,1.0,658.0,6.0,2867,435.0
1696.0,6.0,442.0,10.0,2331,330.0
1535.0,2.0,938.0,9.0,1122,540.0
627.0,1.0,109.0,5.0,2458,123.0
591.0,2.0,667.0,6.0,1661,387.0
1042.0,6.0,18.0,8.0,276,57.0
1345.0,4.0,583.0,7.0,946,357.0
1488.0,6.0,706.0,5.0,1348,435.0
946.0,9.0,38.0,7.0,1700,98.0
889.0,10.0,902.0,11.0,1704,531.0
1171.0,10.0,123.0,8.0,2075,157.0
542.0,8.0,471.0,8.0,2156,310.0
753.0,1.0,930.0,6.0,335,495.0
1653.0,8.0,152.0,11.0,809,157.0
1583.0,9.0,399.0,9.0,2832,321.0
1162.0,6.0,641.0,5.0,893,384.0
966.0,10.0,691.0,5.0,2955,452.0
786.0,5.0,166.0,12.0,2034,156.0
1510.0,6.0,344.0,10.0,1769,264.0
1990.0,6.0,870.0,12.0,126,508.0
1277.0,9.0,269.0,9.0,2697,244.0
844.0,4.0,91.0,8.0,1326,104.0
1141.0,2.0,763.0,4.0,184,422.0
881.0,9.0,450.0,9.0,1955,307.0
1189.0,2.0,954.0,9.0,2613,568.0
1776.0,10.0,181.0,6.0,1222,187.0
1579.0,9.0,240.0,6.0,1313,210.0
1986.0,2.0,729.0,6.0,111,429.0
956.0,8.0,84.0,6.0,1112,108.0
1482.0,9.0,279.0,10.0,1848,238.0
582.0,10.0,908.0,5.0,1976,529.0
1622.0,9.0,635.0,5.0,2719,437.0
648.0,10.0,71.0,6.0,1417,102.0
1852.0,9.0,883.0,10.0,1483,544.0
1679.0,2.0,329.0,6.0,1778,253.0
689.0,4.0,111.0,10.0,279,89.0
1382.0,7.0,438.0,12.0,896,292.0
762.0,2.0,883.0,7.0,1567,498.0
1603.0,1.0,731.0,10.0,2124,457.0
899.0,3.0,963.0,12.0,2588,565.0
1263.0,4.0,264.0,11.0,986,197.0
1108.0,8.0,541.0,11.0,2568,370.0
1783.0,6.0,579.0,12.0,1289,380.0
1284.0,2.0,121.0,8.0,1775,137.0
600.0,9.0,994.0,8.0,1619,564.0
1882.0,2.0,322.0,6.0,2615,272.0
1903.0,5.0,470.0,8.0,2860,358.0
1319.0,4.0,717.0,11.0,2532,456.0
1744.0,7.0,896.0,8.0,2461,562.0
1319.0,8.0,471.0,7.0,870,307.0
919.0,5.0,874.0,11.0,1378,501.0
623.0,10.0,101.0,10.0,1058,109.0
921.0,5.0,61.0,9.0,1016,87.0
1754.0,2.0,814.0,8.0,2170,506.0
1586.0,8.0,529.0,8.0,1881,364.0
1267.0,2.0,821.0,5.0,438,460.0
982.0,10.0,107.0,7.0,1616,134.0
1018.0,6.0,245.0,11.0,2970,224.0
654.0,8.0,910.0,11.0,2513,540.0
591.0,6.0,383.0,4.0,1495,250.0
1481.0,4.0,590.0,5.0,1014,366.0
954.0,4.0,936.0,8.0,1953,542.0
1097.0,6.0,566.0,12.0,574,339.0
1009.0,4.0,658.0,10.0,1546,397.0
1706.0,8.0,243.0,8.0,1479,217.0
885.0,9.0,41.0,4.0,1583,95.0
904.0,1.0,298.0,9.0,2174,220.0
745.0,4.0,647.0,11.0,2949,412.0
1241.0,4.0,588.0,10.0,900,356.0
1160.0,2.0,551.0,5.0,1346,340.0
1149.0,6.0,123.0,8.0,963,126.0
1994.0,3.0,213.0,7.0,2837,228.0
1946.0,7.0,38.0,12.0,1271,116.0
1400.0,5.0,652.0,4.0,838,393.0
564.0,4.0,483.0,9.0,1474,295.0
1536.0,5.0,706.0,6.0,2562,459.0
712.0,8.0,262.0,12.0,1081,189.0
741.0,3.0,807.0,8.0,2576,482.0
992.0,7.0,914.0,9.0,2188,543.0
1736.0,6.0,931.0,12.0,1111,551.0
837.0,1.0,395.0,12.0,2850,281.0
672.0,7.0,71.0,11.0,2226,113.0
1171.0,7.0,524.0,12.0,816,327.0
663.0,1.0,439.0,7.0,1907,278.0
964.0,9.0,589.0,9.0,2691,394.0
1494.0,6.0,546.0,8.0,1573,360.0
996.0,2.0,700.0,8.0,2621,435.0
1199.0,5.0,150.0,7.0,1265,145.0
894.0,4.0,752.0,5.0,2441,458.0
1202.0,7.0,309.0,9.0,709,218.0
807.0,8.0,684.0,12.0,2283,427.0
682.0,1.0,320.0,4.0,2631,233.0
1128.0,5.0,480.0,10.0,1912,321.0
1009.0,3.0,402.0,9.0,1435,265.0
1045.0,1.0,651.0,6.0,2961,417.0
1123.0,3.0,454.0,4.0,654,278.0
1093.0,6.0,767.0,7.0,1755,462.0
1243.0,7.0,818.0,12.0,1855,497.0
1750.0,8.0,181.0,5.0,145,160.0
1959.0,4.0,585.0,6.0,1359,385.0
1945.0,3.0,40.0,5.0,1171,106.0
1053.0,5.0,56.0,5.0,2345,115.0
520.0,9.0,139.0,11.0,2231,147.0
1053.0,6.0,361.0,6.0,642,236.0
896.0,9.0,987.0,10.0,1551,568.0
1124.0,6.0,854.0,11.0,2218,516.0
604.0,2.0,631.0,6.0,2667,390.0
691.0,5.0,590.0,5.0,2092,366.0
516.0,9.0,67.0,11.0,1012,86.0
1643.0,8.0,115.0,6.0,1168,145.0
892.0,7.0,821.0,10.0,2440,499.0
924.0,1.0,339.0,4.0,911,216.0
628.0,4.0,777.0,9.0,1588,446.0
1653.0,7.0,833.0,12.0,2008,519.0
1071.0,7.0,692.0,6.0,1673,424.0
528.0,6.0,392.0,10.0,966,242.0
1620.0,8.0,994.0,9.0,2527,611.0
1533.0,6.0,171.0,11.0,1866,180.0
741.0,10.0,295.0,6.0,2409,237.0
731.0,3.0,80.0,6.0,679,80.0
1288.0,4.0,776.0,7.0,2504,483.0
1807.0,3.0,463.0,6.0,1542,321.0
1214.0,1.0,895.0,12.0,797,501.0
1258.0,10.0,576.0,7.0,2076,386.0
1301.0,5.0,844.0,9.0,2590,522.0
1275.0,1.0,406.0,11.0,825,259.0
1225.0,1.0,524.0,11.0,385,308.0
699.0,2.0,35.0,8.0,1991,81.0
1444.0,4.0,322.0,8.0,669,224.0
578.0,6.0,135.0,9.0,2987,155.0
1455.0,8.0,417.0,10.0,2064,308.0
1355.0,3.0,574.0,10.0,1613,365.0
1696.0,1.0,207.0,7.0,597,167.0
966.0,3.0,820.0,9.0,2017,484.0
1080.0,3.0,197.0,10.0,804,152.0
1939.0,5.0,707.0,8.0,1456,450.0
1439.0,4.0,826.0,8.0,661,476.0
948.0,4.0,819.0,5.0,2098,486.0
586.0,9.0,725.0,10.0,131,400.0
600.0,7.0,493.0,9.0,142,280.0
1531.0,4.0,459.0,4.0,2016,322.0
1344.0,3.0,532.0,7.0,1474,340.0
1723.0,6.0,880.0,6.0,1945,541.0
586.0,3.0,363.0,6.0,658,217.0
542.0,6.0,995.0,10.0,2417,573.0
1908.0,9.0,667.0,7.0,1536,438.0
1958.0,6.0,606.0,11.0,1042,394.0
907.0,4.0,109.0,12.0,1698,123.0
1163.0,5.0,625.0,6.0,1470,385.0
1540.0,6.0,957.0,8.0,2028,576.0
647.0,3.0,567.0,7.0,1736,342.0
776.0,8.0,565.0,9.0,2184,364.0
731.0,4.0,287.0,7.0,191,176.0
865.0,8.0,702.0,11.0,1943,431.0
1751.0,10.0,708.0,6.0,284,431.0
935.0,10.0,999.0,8.0,827,563.0
898.0,3.0,635.0,4.0,1151,372.0
1734.0,10.0,500.0,9.0,1671,354.0
1914.0,7.0,264.0,8.0,2519,253.0
998.0,9.0,390.0,11.0,931,261.0
1039.0,4.0,901.0,12.0,444,498.0
1062.0,8.0,551.0,11.0,1542,353.0
941.0,3.0,273.0,11.0,1319,196.0
1784.0,7.0,619.0,6.0,2225,420.0
1272.0,3.0,834.0,7.0,266,465.0
849.0,7.0,888.0,7.0,363,489.0
1875.0,10.0,338.0,8.0,1595,276.0
1019.0,10.0,124.0,12.0,1331,138.0
1843.0,6.0,285.0,12.0,2871,266.0
637.0,2.0,497.0,4.0,1386,298.0
1491.0,3.0,290.0,11.0,1629,227.0
867.0,6.0,284.0,4.0,1908,217.0
1743.0,4.0,782.0,5.0,2659,503.0
1860.0,6.0,852.0,10.0,1977,532.0
1746.0,1.0,728.0,11.0,1849,454.0
859.0,10.0,905.0,4.0,2009,537.0
1420.0,1.0,337.0,6.0,2723,266.0
828.0,3.0,220.0,10.0,2869,197.0
1461.0,8.0,736.0,12.0,1435,456.0
962.0,8.0,932.0,11.0,1297,536.0
1445.0,4.0,561.0,11.0,2578,383.0
1462.0,6.0,35.0,12.0,867,90.0
1905.0,8.0,36.0,6.0,2610,142.0
1335.0,7.0,711.0,11.0,200,413.0
668.0,7.0,92.0,4.0,1832,115.0
716.0,4.0,905.0,11.0,2019,521.0
877.0,9.0,955.0,10.0,2391,569.0
618.0,10.0,691.0,11.0,1471,413.0
689.0,6.0,422.0,4.0,204,246.0
1266.0,3.0,176.0,9.0,793,147.0
869.0,5.0,709.0,10.0,1790,425.0
648.0,5.0,178.0,8.0,1410,145.0
1151.0,5.0,810.0,8.0,1170,472.0
1269.0,8.0,988.0,10.0,1166,570.0
873.0,9.0,238.0,6.0,917,180.0
1280.0,9.0,988.0,9.0,2368,597.0
659.0,6.0,618.0,10.0,1636,372.0
850.0,6.0,376.0,4.0,2291,270.0
1811.0,9.0,537.0,5.0,989,359.0
1811.0,4.0,800.0,7.0,1977,501.0
1391.0,6.0,656.0,11.0,1973,420.0
1749.0,4.0,547.0,9.0,889,351.0
1022.0,1.0,873.0,4.0,652,481.0
1021.0,7.0,533.0,8.0,943,329.0
1282.0,10.0,81.0,10.0,758,113.0
772.0,6.0,654.0,9.0,2984,421.0
1435.0,9.0,115.0,12.0,1118,140.0
1925.0,7.0,741.0,11.0,2053,482.0
682.0,7.0,894.0,7.0,1290,506.0
987.0,2.0,974.0,8.0,850,536.0
1345.0,9.0,698.0,10.0,2396,454.0
623.0,10.0,291.0,11.0,874,201.0
1484.0,9.0,142.0,8.0,2911,191.0
1289.0,6.0,543.0,12.0,1480,351.0
913.0,3.0,984.0,7.0,791,540.0
1695.0,1.0,278.0,7.0,2967,250.0
1811.0,4.0,421.0,11.0,818,288.0
1958.0,3.0,682.0,4.0,333,411.0
1185.0,1.0,628.0,11.0,2171,394.0
612.0,3.0,800.0,8.0,1504,453.0
1387.0,4.0,874.0,4.0,1105,507.0
621.0,8.0,756.0,7.0,1469,441.0
1745.0,9.0,27.0,5.0,1501,112.0
538.0,3.0,763.0,7.0,2669,456.0
996.0,6.0,126.0,11.0,2164,147.0
1279.0,10.0,807.0,8.0,2392,509.0
1756.0,5.0,803.0,4.0,2865,520.0
1442.0,6.0,153.0,10.0,2917,189.0
648.0,4.0,726.0,4.0,816,405.0
1920.0,10.0,560.0,12.0,1662,390.0
1521.0,6.0,938.0,6.0,1811,561.0
1160.0,7.0,675.0,6.0,1325,411.0
801.0,9.0,697.0,9.0,1371,417.0
1883.0,10.0,970.0,9.0,2265,606.0
737.0,7.0,762.0,9.0,108,418.0
1146.0,6.0,431.0,4.0,697,274.0
1162.0,1.0,907.0,8.0,122,492.0
735.0,2.0,378.0,9.0,2090,256.0
702.0,1.0,655.0,11.0,2387,397.0
755.0,9.0,567.0,4.0,1708,357.0
1097.0,10.0,59.0,8.0,2174,125.0
1161.0,10.0,687.0,6.0,1204,421.0
734.0,9.0,115.0,5.0,2346,143.0
1868.0,7.0,225.0,11.0,2922,240.0
1033.0,2.0,667.0,10.0,191,371.0
1359.0,6.0,932.0,10.0,950,537.0
1989.0,4.0,434.0,8.0,2082,325.0
1269.0,1.0,81.0,12.0,1207,104.0
1040.0,1.0,997.0,8.0,399,538.0
712.0,5.0,851.0,5.0,2443,504.0
962.0,2.0,794.0,6.0,2794,484.0
935.0,4.0,768.0,7.0,1577,450.0
782.0,1.0,455.0,8.0,1404,280.0
1986.0,4.0,934.0,6.0,1100,555.0
1930.0,6.0,195.0,10.0,1182,190.0
587.0,10.0,79.0,8.0,1465,105.0
1567.0,4.0,983.0,8.0,2900,603.0
960.0,1.0,159.0,9.0,2489,159.0
777.0,7.0,255.0,10.0,2209,208.0
920.0,2.0,783.0,11.0,875,440.0
1876.0,9.0,547.0,12.0,2772,402.0
1195.0,3.0,944.0,7.0,1552,544.0
1014.0,8.0,661.0,8.0,1781,411.0
1202.0,8.0,108.0,8.0,1851,142.0
518.0,3.0,919.0,11.0,2403,528.0
522.0,4.0,287.0,12.0,2975,226.0
912.0,2.0,572.0,10.0,1951,355.0
1553.0,4.0,672.0,8.0,1997,429.0
607.0,9.0,953.0,6.0,1829,548.0
1890.0,2.0,464.0,4.0,1427,320.0
1804.0,3.0,113.0,12.0,714,130.0
1651.0,4.0,955.0,8.0,344,541.0
1752.0,5.0,610.0,12.0,856,384.0
1634.0,1.0,662.0,7.0,923,399.0
635.0,7.0,734.0,8.0,2927,457.0
861.0,10.0,242.0,7.0,2879,223.0
1709.0,7.0,403.0,5.0,1946,304.0
628.0,9.0,510.0,4.0,1535,321.0
1784.0,4.0,704.0,11.0,1340,439.0
1014.0,6.0,260.0,7.0,615,183.0
948.0,2.0,530.0,8.0,573,308.0
1627.0,4.0,88.0,9.0,135,102.0
1747.0,2.0,61.0,11.0,1510,116.0
1373.0,10.0,907.0,11.0,1892,552.0
972.0,5.0,930.0,10.0,1834,540.0
1533.0,7.0,790.0,7.0,929,472.0
1928.0,1.0,235.0,9.0,1192,200.0
801.0,10.0,60.0,7.0,2513,123.0
730.0,10.0,195.0,10.0,1285,164.0
1422.0,7.0,43.0,4.0,1862,114.0
1589.0,10.0,812.0,8.0,1044,493.0
1436.0,6.0,751.0,7.0,1611,462.0
611.0,6.0,140.0,10.0,530,110.0
1536.0,8.0,641.0,12.0,2122,424.0
1916.0,8.0,452.0,8.0,958,317.0
999.0,6.0,847.0,7.0,329,471.0
1431.0,3.0,768.0,12.0,2517,482.0
1097.0,5.0,441.0,8.0,277,268.0
733.0,2.0,713.0,12.0,1533,412.0
1101.0,5.0,506.0,11.0,2715,349.0
813.0,9.0,412.0,7.0,1713,281.0
1065.0,10.0,332.0,10.0,2940,276.0
1535.0,1.0,219.0,8.0,1863,194.0
708.0,10.0,624.0,7.0,1874,389.0
1537.0,5.0,338.0,8.0,1074,245.0
1941.0,6.0,381.0,8.0,181,263.0
1960.0,7.0,469.0,12.0,945,325.0
1900.0,9.0,142.0,12.0,2909,203.0
1543.0,6.0,844.0,9.0,1316,506.0
1086.0,5.0,660.0,7.0,717,386.0
1514.0,7.0,130.0,5.0,2363,170.0
1593.0,1.0,615.0,6.0,2437,405.0
1734.0,5.0,461.0,5.0,544,302.0
1624.0,2.0,974.0,8.0,1022,559.0
1197.0,4.0,138.0,9.0,2699,166.0
631.0,7.0,100.0,8.0,292,88.0
1904.0,5.0,613.0,5.0,1762,407.0
1655.0,6.0,584.0,8.0,388,360.0
1543.0,2.0,38.0,12.0,2730,123.0
1035.0,3.0,731.0,7.0,1267,427.0
1513.0,7.0,533.0,5.0,1530,355.0
726.0,2.0,342.0,6.0,1934,234.0
1677.0,6.0,306.0,6.0,2070,255.0
1992.0,5.0,139.0,12.0,2928,197.0
1321.0,10.0,302.0,7.0,995,229.0
1370.0,1.0,182.0,4.0,1019,153.0
904.0,10.0,729.0,4.0,2711,464.0
701.0,4.0,953.0,10.0,2134,547.0
537.0,2.0,33.0,10.0,1652,69.0
1441.0,4.0,108.0,5.0,1800,140.0
687.0,1.0,415.0,12.0,2160,273.0
1580.0,2.0,365.0,12.0,1825,270.0
1440.0,8.0,148.0,8.0,2487,182.0
1543.0,6.0,512.0,6.0,1997,353.0
772.0,2.0,835.0,6.0,1899,481.0
1642.0,6.0,183.0,6.0,411,160.0
1082.0,10.0,38.0,9.0,2880,128.0
1015.0,9.0,940.0,7.0,1227,542.0
1744.0,7.0,505.0,11.0,438,327.0
1025.0,9.0,664.0,8.0,2447,428.0
835.0,5.0,837.0,4.0,458,461.0
1197.0,7.0,360.0,12.0,2316,275.0
1578.0,7.0,563.0,4.0,1272,367.0
999.0,3.0,308.0,9.0,2908,247.0
1399.0,7.0,729.0,4.0,867,436.0
1265.0,1.0,851.0,6.0,2189,508.0
1035.0,9.0,954.0,8.0,301,531.0
661.0,10.0,201.0,10.0,1792,175.0
1093.0,6.0,681.0,11.0,563,396.0
658.0,5.0,73.0,12.0,548,76.0
1711.0,7.0,764.0,9.0,1012,466.0
559.0,5.0,779.0,12.0,897,433.0
1414.0,10.0,673.0,11.0,893,416.0
1842.0,5.0,224.0,12.0,536,187.0
710.0,10.0,843.0,7.0,2016,502.0
905.0,7.0,175.0,12.0,1873,165.0
1163.0,10.0,552.0,10.0,630,342.0
1632.0,7.0,892.0,8.0,664,521.0
1599.0,3.0,241.0,8.0,1720,208.0
1041.0,3.0,803.0,4.0,1396,465.0
1837.0,10.0,550.0,5.0,312,355.0
1497.0,3.0,204.0,6.0,1048,172.0
1640.0,6.0,515.0,11.0,1227,342.0
1426.0,6.0,343.0,9.0,291,231.0
1367.0,3.0,777.0,8.0,1503,464.0
518.0,3.0,802.0,4.0,2090,463.0
931.0,8.0,313.0,12.0,1204,224.0
1239.0,8.0,842.0,6.0,804,489.0
1873.0,7.0,446.0,6.0,648,305.0
682.0,10.0,332.0,5.0,1961,244.0
612.0,4.0,511.0,7.0,253,286.0
1706.0,4.0,867.0,5.0,1765,526.0
980.0,3.0,923.0,12.0,670,509.0
1669.0,5.0,402.0,10.0,1884,298.0
1330.0,3.0,815.0,11.0,2387,500.0
1636.0,8.0,608.0,6.0,2521,418.0
1262.0,7.0,158.0,9.0,904,148.0
975.0,3.0,770.0,9.0,898,437.0
1262.0,9.0,842.0,4.0,710,489.0
1826.0,5.0,414.0,9.0,2835,327.0
1470.0,9.0,292.0,6.0,2921,265.0
1519.0,7.0,371.0,6.0,1906,282.0
1641.0,7.0,388.0,6.0,242,261.0
660.0,6.0,207.0,11.0,371,142.0
900.0,2.0,565.0,8.0,1655,345.0
697.0,9.0,365.0,7.0,2573,272.0
1783.0,6.0,549.0,12.0,2193,383.0
1159.0,8.0,438.0,12.0,2242,314.0
1570.0,1.0,26.0,4.0,2211,105.0
898.0,5.0,648.0,5.0,2560,411.0
577.0,1.0,388.0,11.0,558,224.0
623.0,10.0,689.0,8.0,1838,419.0
574.0,8.0,515.0,10.0,1532,320.0
636.0,8.0,765.0,4.0,2617,468.0
1101.0,1.0,908.0,8.0,2957,547.0
1923.0,9.0,85.0,6.0,605,129.0
1336.0,2.0,240.0,5.0,1809,199.0
999.0,9.0,725.0,5.0,1196,433.0
637.0,1.0,971.0,12.0,183,509.0
549.0,10.0,257.0,7.0,158,167.0
1472.0,9.0,311.0,7.0,1144,239.0
753.0,4.0,735.0,10.0,1581,429.0
1209.0,9.0,224.0,5.0,2304,211.0
1062.0,7.0,167.0,6.0,1452,157.0
1256.0,6.0,78.0,6.0,1696,121.0
1949.0,5.0,402.0,9.0,675,282.0
1046.0,9.0,94.0,6.0,2984,155.0
1825.0,2.0,276.0,8.0,779,211.0
1421.0,2.0,78.0,7.0,302,90.0
1080.0,9.0,620.0,6.0,1229,384.0
1872.0,3.0,356.0,11.0,417,248.0
548.0,8.0,971.0,6.0,1305,543.0
1416.0,9.0,737.0,9.0,1738,463.0
1597.0,8.0,936.0,10.0,1896,569.0
1203.0,4.0,682.0,10.0,505,394.0
760.0,1.0,432.0,5.0,2642,292.0
855.0,4.0,615.0,6.0,778,355.0
1783.0,9.0,183.0,7.0,1370,189.0
1137.0,2.0,686.0,10.0,1989,420.0
1242.0,3.0,124.0,5.0,1647,137.0
1818.0,10.0,229.0,6.0,1743,222.0
1509.0,8.0,965.0,10.0,1459,572.0
1430.0,6.0,40.0,10.0,1545,105.0
1140.0,8.0,532.0,6.0,934,333.0
1291.0,7.0,352.0,4.0,2341,274.0
1836.0,5.0,386.0,6.0,2455,306.0
1111.0,9.0,139.0,8.0,1768,155.0
1308.0,4.0,626.0,10.0,2030,400.0
1705.0,6.0,548.0,7.0,2653,389.0
1185.0,2.0,748.0,4.0,380,420.0
1887.0,2.0,11.0,9.0,2822,121.0
687.0,2.0,880.0,5.0,1913,501.0
1484.0,10.0,110.0,6.0,1032,139.0
1047.0,7.0,542.0,7.0,2862,372.0
1224.0,2.0,67.0,9.0,707,87.0
1425.0,2.0,398.0,9.0,582,256.0
1931.0,9.0,701.0,10.0,1346,452.0
1375.0,7.0,950.0,8.0,1872,566.0
1117.0,3.0,350.0,10.0,2264,259.0
913.0,3.0,870.0,5.0,291,473.0
1865.0,7.0,29.0,4.0,2935,142.0
1743.0,5.0,264.0,11.0,2765,249.0
1402.0,10.0,326.0,4.0,2117,266.0
662.0,6.0,47.0,5.0,2663,107.0
1743.0,8.0,669.0,9.0,406,410.0
769.0,9.0,546.0,4.0,631,325.0
1131.0,1.0,395.0,6.0,221,236.0
1405.0,3.0,642.0,10.0,2796,424.0
1923.0,7.0,937.0,11.0,691,553.0
1705.0,6.0,35.0,7.0,1575,111.0
704.0,7.0,463.0,6.0,158,268.0
1081.0,8.0,690.0,4.0,2448,441.0
1340.0,6.0,332.0,12.0,2700,271.0
1751.0,3.0,746.0,9.0,1673,464.0
1095.0,2.0,522.0,9.0,1240,322.0
749.0,7.0,828.0,12.0,1910,488.0
1374.0,1.0,782.0,4.0,1905,471.0
1964.0,3.0,22.0,9.0,498,85.0
695.0,4.0,924.0,8.0,2662,543.0
1189.0,1.0,917.0,9.0,2952,554.0
1593.0,5.0,569.0,11.0,2645,394.0
1138.0,10.0,930.0,8.0,1041,539.0
1922.0,3.0,834.0,5.0,627,492.0
1171.0,2.0,380.0,5.0,2545,279.0
1726.0,3.0,300.0,8.0,1874,244.0
1671.0,8.0,341.0,6.0,1521,266.0
1995.0,6.0,615.0,6.0,1769,413.0
1443.0,7.0,270.0,11.0,1650,224.0
698.0,6.0,799.0,10.0,535,442.0
1949.0,6.0,880.0,4.0,939,528.0
991.0,3.0,214.0,8.0,459,151.0
1395.0,8.0,706.0,12.0,1252,435.0
641.0,7.0,696.0,7.0,963,399.0
1836.0,7.0,959.0,4.0,2781,603.0
664.0,6.0,396.0,11.0,1750,264.0
813.0,5.0,901.0,8.0,1832,520.0
520.0,10.0,830.0,5.0,1345,476.0
1605.0,8.0,477.0,4.0,2361,348.0
1654.0,5.0,424.0,6.0,1015,291.0
1483.0,9.0,78.0,12.0,2739,155.0
804.0,9.0,481.0,4.0,1898,319.0
870.0,1.0,113.0,7.0,2282,129.0
1352.0,6.0,767.0,11.0,2901,493.0
883.0,7.0,170.0,11.0,485,134.0
